							proto-indo-european	old-english	classical-latin	"russian	"	"russian	"	attic-greek	attic-greek	classical-sanskrit	classical-sanskrit	#	 purpose	 notes		
							latin	latin	latin	cyrillic	latin	greek	latin	devanagari	latin	#				
the	3	singular	masculine	nominative	strong	animate		sē 				ὁ	ho			#	 for all cases			
the	3	singular	feminine	nominative	strong	animate		sēo 				ἡ	hē			#				
the	3	singular	neuter	nominative	strong	animate		þæt				τό	tó			#				
the	3	dual	masculine	nominative	strong	animate						τώ	tṓ			#				
the	3	dual	feminine	nominative	strong	animate						τώ	tṓ			#				
the	3	dual	neuter	nominative	strong	animate						τώ	tṓ			#				
the	3	plural	masculine	nominative	strong	animate		þā 				οἱ	hoi			#				
the	3	plural	feminine	nominative	strong	animate		þā 				αἱ	hai			#				
the	3	plural	neuter	nominative	strong	animate		þā 				τᾰ́	tá			#				
the	3	singular	masculine	accusative	strong	animate		þone 				τόν	tón			#				
the	3	singular	feminine	accusative	strong	animate		þā 				τήν	tḗn			#				
the	3	singular	neuter	accusative	strong	animate		þæt				τό	tó			#				
the	3	dual	masculine	accusative	strong	animate						τώ	tṓ			#				
the	3	dual	feminine	accusative	strong	animate						τώ	tṓ			#				
the	3	dual	neuter	accusative	strong	animate						τώ	tṓ			#				
the	3	plural	masculine	accusative	strong	animate		þā 				τούς	toús			#				
the	3	plural	feminine	accusative	strong	animate		þā 				τᾱ́ς	tā́s			#				
the	3	plural	neuter	accusative	strong	animate		þā 				τᾰ́	tá			#				
the	3	singular	masculine	genitive	strong	animate		þæs 				τοῦ	toû			#				
the	3	singular	feminine	genitive	strong	animate		þǣre 				τῆς	tês			#				
the	3	singular	neuter	genitive	strong	animate		þæs				τοῦ	toû			#				
the	3	dual	masculine	genitive	strong	animate						τοῖν	toîn			#				
the	3	dual	feminine	genitive	strong	animate						τοῖν	toîn			#				
the	3	dual	neuter	genitive	strong	animate						τοῖν	toîn			#				
the	3	plural	masculine	genitive	strong	animate		þāra 				τῶν	tôn			#				
the	3	plural	feminine	genitive	strong	animate		þāra 				τῶν	tôn			#				
the	3	plural	neuter	genitive	strong	animate		þāra 				τῶν	tôn			#				
the	3	singular	masculine	dative	strong	animate		þām|þǣm 				τῷ	tôi			#				
the	3	singular	feminine	dative	strong	animate		þǣre 				τῇ	têi			#				
the	3	singular	neuter	dative	strong	animate		þām|þǣm				τῷ	tôi			#				
the	3	dual	masculine	dative	strong	animate						τοῖν	toîn			#				
the	3	dual	feminine	dative	strong	animate						τοῖν	toîn			#				
the	3	dual	neuter	dative	strong	animate						τοῖν	toîn			#				
the	3	plural	masculine	dative	strong	animate		þām|þǣm				τοῖς	toîs			#				
the	3	plural	feminine	dative	strong	animate		þām|þǣm				ταῖς	taîs			#				
the	3	plural	neuter	dative	strong	animate		þām|þǣm				τοῖς	toîs			#				
the	3	singular	masculine	instrumental	strong	animate		þon|þȳ|þē 								#				
the	3	singular	feminine	instrumental	strong	animate		þǣre 								#				
the	3	singular	neuter	instrumental	strong	animate		þon|þȳ|þē								#				
the	3	dual	masculine	instrumental	strong	animate										#				
the	3	dual	feminine	instrumental	strong	animate										#				
the	3	dual	neuter	instrumental	strong	animate										#				
the	3	plural	masculine	instrumental	strong	animate		þām|þǣm 								#				
the	3	plural	feminine	instrumental	strong	animate		þām|þǣm 								#				
the	3	plural	neuter	instrumental	strong	animate		"þām|þǣm 	"								#				
man	3	singular	masculine	nominative	strong	animate	ǵʰmṓ 	guma 	homō 	мужчи́на	mužčína 	ᾰ̓νήρ	anḗr	नरः	náraḥ 	#	 for genitive pronouns and possessive pronouns of masculine possessions			
man	3	dual	masculine	nominative	strong	animate	ǵʰmónh₁(e) 					ᾰ̓́νδρε	ándre	नरौ	nárau 	#				
man	3	plural	masculine	nominative	strong	animate	ǵʰmónes	guman	hominēs	мужчи́ны	mužčíny	ᾰ̓́νδρες	ándres	नराः	nárāḥ	#				
man	3	singular	masculine	accusative	strong	animate	ǵʰmónm̥ 	guman 	hominem 	мужчи́ну	mužčínu 	ᾰ̓́νδρᾰ	ándra	नरम्	náram 	#	 for possessive pronouns of masculine possessions			
man	3	dual	masculine	accusative	strong	animate	ǵʰmónh₁(e) 					ᾰ̓́νδρε	ándre	नरौ	nárau 	#				
man	3	plural	masculine	accusative	strong	animate	ǵʰmónm̥s	guman	hominēs	мужчи́н	mužčín	ᾰ̓́νδρᾰς	ándras	नरान्	nárān	#				
man	3	singular	masculine	genitive	strong	animate	ǵʰm̥nés 	guman 	hominis 	мужчи́ны	mužčíny 	ᾰ̓νδρός	andrós	नरस्य	nárasya 	#				
man	3	dual	masculine	genitive	strong	animate						ᾰ̓νδροῖν	androîn	नरयोः	nárayoḥ 	#				
man	3	plural	masculine	genitive	strong	animate	ǵʰm̥nóHom	gumena	hominum	мужчи́н	mužčín	ᾰ̓νδρῶν	andrôn	नराणाम्	nárāṇām	#				
man	3	singular	masculine	dative	strong	animate	ǵʰm̥néy 	guman 	hominī 	мужчи́не	mužčíne 	ᾰ̓νδρῐ́	andrí	नराय	nárāya 	#				
man	3	dual	masculine	dative	strong	animate						ᾰ̓νδροῖν	androîn	नराभ्याम्	nárābhyām 	#				
man	3	plural	masculine	dative	strong	animate	ǵʰmn̥mós	gumum	hominibus	мужчи́нам	mužčínam	ᾰ̓νδρᾰ́σῐ|ᾰ̓νδρᾰ́σῐν	andrási(n)	नरेभ्यः	nárebhyaḥ	#				
man	3	singular	masculine	ablative 	strong	animate	ǵʰm̥nés 		homine 					नरात्	nárāt 	#				
man	3	dual	masculine	ablative 	strong	animate								नराभ्याम्	nárābhyām 	#				
man	3	plural	masculine	ablative 	strong	animate	ǵʰmn̥mós		hominibus					नरेभ्यः	nárebhyaḥ	#				
man	3	singular	masculine	locative 	strong	animate	ǵʰmén|ǵʰméni 							नरे	náre 	#				
man	3	dual	masculine	locative 	strong	animate								नरयोः	nárayoḥ 	#				
man	3	plural	masculine	locative 	strong	animate	ǵʰmn̥sú							नरेषु	náreṣu	#				
man	3	singular	masculine	instrumental 	strong	animate	ǵʰm̥néh₁ 			мужчи́ной, мужчи́ною	mužčínoj, mužčínoju 			नरेण	náreṇa 	#				
man	3	dual	masculine	instrumental 	strong	animate								नराभ्याम्	nárābhyām 	#				
man	3	plural	masculine	instrumental 	strong	animate	ǵʰmn̥mís			мужчи́нами	mužčínami			नरैः	náraiḥ	#				
man	3	singular	masculine	vocative	strong	animate	ǵʰmón 		homō 			ᾰ̓́νερ	áner 	नर	nára 	#				
man	3	dual	masculine	vocative	strong	animate	ǵʰmónh₁(e) 					ᾰ̓́νδρε	ándre 	नरौ	nárau 	#				
man	3	plural	masculine	vocative	strong	animate	ǵʰmónes		hominēs			ᾰ̓́νδρες	ándres	नराः	nárāḥ	#				
man	3	singular	masculine	partitive 	strong	animate										#				
man	3	dual	masculine	partitive 	strong	animate										#				
man	3	plural	masculine	partitive 	strong	animate										#				
man	3	singular	masculine	prepositional 	strong	animate				мужчи́не	mužčíne 					#				
man	3	dual	masculine	prepositional 	strong	animate										#				
man	3	plural	masculine	prepositional 	strong	animate				мужчи́нах	mužčínax					#				
woman	3	singular	feminine	nominative	strong	animate	gʷénh₂s 	wīf 	fēmina 	же́нщина	žénščina 	γῠνή	gunḗ	jániḥ 	जनिः	#	 for genitive pronouns and possessive pronouns of feminine possessions			
woman	3	dual	feminine	nominative	strong	animate	gʷénh₂h₁(e) 					γῠναῖκε	gunaîke	jánī 	जनी	#				
woman	3	plural	feminine	nominative	strong	animate	gʷénh₂es	wīf	fēminae	же́нщины	žénščiny	γῠναῖκες	gunaîkes	jánayaḥ	जनयः	#				
woman	3	singular	feminine	accusative	strong	animate	gʷénh₂m̥ 	wīf 	fēminam 	же́нщину	žénščinu 	γῠναῖκᾰ	gunaîka	jánim 	जनिम्	#	 for possessive pronouns of feminine possessions			
woman	3	dual	feminine	accusative	strong	animate	gʷénh₂h₁(e) 					γῠναῖκε	gunaîke	jánī 	जनी	#				
woman	3	plural	feminine	accusative	strong	animate	gʷénh₂m̥s	wīf	fēminās	же́нщин	žénščin	γῠναῖκᾰς	gunaîkas	jánīḥ	जनीः	#				
woman	3	singular	feminine	genitive	strong	animate	gʷnéh₂s 	wīfes 	fēminae 	же́нщины	žénščiny 	γῠναικός	gunaikós	jányur 	जन्युर्	#				
woman	3	dual	feminine	genitive	strong	animate						γῠναικοῖν	gunaikoîn	jányoḥ 	जन्योः	#				
woman	3	plural	feminine	genitive	strong	animate	gʷnéh₂oHom	wīfa	fēminārum	же́нщин	žénščin	γῠναικῶν	gunaikôn	jánīnām	जनीनाम्	#				
woman	3	singular	feminine	dative	strong	animate	gʷnéh₂ey 	wīfe 	fēminae 	же́нщине	žénščine 	γῠναικί	gunaikí	jánaye	जनये	#				
woman	3	dual	feminine	dative	strong	animate						γῠναικοῖν	gunaikoîn	jánibhyām 	जनिभ्याम्	#				
woman	3	plural	feminine	dative	strong	animate	gʷnéh₂mos	wīfum	fēminīs	же́нщинам	žénščinam	γῠναιξί|γῠναιξίν	gunaixí(n)	jánibhyaḥ	जनिभ्यः	#				
woman	3	singular	feminine	ablative 	strong	animate	gʷnéh₂s 		fēminā 					jáneḥ	जनेः	#				
woman	3	dual	feminine	ablative 	strong	animate								jánibhyām 	जनिभ्याम्	#				
woman	3	plural	feminine	ablative 	strong	animate	gʷnéh₂mos		fēminīs					jánibhyaḥ	जनिभ्यः	#				
woman	3	singular	feminine	locative 	strong	animate	gʷnéh₂, gʷnéh₂i 							jánau	जनौ	#				
woman	3	dual	feminine	locative 	strong	animate								jányoḥ 	जन्योः	#				
woman	3	plural	feminine	locative 	strong	animate	gʷnéh₂su							jániṣu	जनिषु	#				
woman	3	singular	feminine	instrumental 	strong	animate	gʷnéh₂h₁ 			же́нщиной, же́нщиною	žénščinoj, žénščinoju 			jányā 	जन्या	#				
woman	3	dual	feminine	instrumental 	strong	animate								jánibhyām 	जनिभ्याम्	#				
woman	3	plural	feminine	instrumental 	strong	animate	gʷnéh₂mis			же́нщинами	žénščinami			jánibhiḥ	जनिभिः	#				
woman	3	singular	feminine	vocative	strong	animate	gʷḗn 		fēmina 			γύναι	gúnai 	jáne 	जने	#				
woman	3	dual	feminine	vocative	strong	animate	gʷénh₂h₁(e) 					γῠναῖκε	gunaîke 	jánī 	जनी	#				
woman	3	plural	feminine	vocative	strong	animate	gʷénh₂es		fēminae			γῠναῖκες	gunaîkes	jánayaḥ	जनयः	#				
woman	3	singular	feminine	partitive 	strong	animate										#				
woman	3	dual	feminine	partitive 	strong	animate										#				
woman	3	plural	feminine	partitive 	strong	animate										#				
woman	3	singular	feminine	prepositional 	strong	animate				же́нщине	žénščine 					#				
woman	3	dual	feminine	prepositional 	strong	animate										#				
woman	3	plural	feminine	prepositional 	strong	animate				же́нщинах	žénščinax					#				
animal	3	singular	neuter	nominative	strong	animate	dʰewsóm 	nīeten 	animal 	živótnoje 	живо́тное	ζῷον	zôion	पशु	páśu 	#	for genitive pronouns and possessive pronouns of neuter possessions	"translations here should trend towards meaning ""domestic animal"" "		
animal	3	dual	neuter	nominative	strong	animate	dʰewsóy(h₁) 					ζῴω	zṓiō	पशुनी	páśunī 	#		"and avoid implying ""wild animal"", since the emoji we use for the lemma suggests domestication"		
animal	3	plural	neuter	nominative	strong	animate	dʰewséh₂	nīetenu	animālia	živótnyje	живо́тные	ζῷᾰ	zôia	पशू / पशु	páśū / páśu	#				
animal	3	singular	neuter	accusative	strong	animate	dʰewsóm 	nīeten 	animal 	živótnoje 	живо́тное	ζῷον	zôion	पशु	páśu 	#	"for possessive pronouns of neuter possessions	"			
animal	3	dual	neuter	accusative	strong	animate	dʰewsóy(h₁) 					ζῴω	zṓiō	पशुनी	páśunī 	#				
animal	3	plural	neuter	accusative	strong	animate	dʰewséh₂	nīetenu	animālia	živótnyx	живо́тных	ζῷᾰ	zôia	पशू / पशु	páśū / páśu	#				
animal	3	singular	neuter	genitive	strong	animate	dʰewsósyo 	nīetenes 	animālis 	živótnovo 	живо́тного	ζῴου	zṓiou	पशोः	páśoḥ	#				
animal	3	dual	neuter	genitive	strong	animate						ζῴοιν	zṓioin	पशुनोः	páśunoḥ 	#				
animal	3	plural	neuter	genitive	strong	animate	dʰewsóHom	nīetena	animālium	živótnyx	живо́тных	ζῴων	zṓiōn	पशूनाम्	páśūnām	#				
animal	3	singular	neuter	dative	strong	animate	dʰewsóey 	nīetene 	animālī 	živótnomu 	живо́тному	ζῴῳ	zṓiōi	पशवे	páśave	#				
animal	3	dual	neuter	dative	strong	animate						ζῴοιν	zṓioin	पशुभ्याम्	páśubhyām 	#				
animal	3	plural	neuter	dative	strong	animate	dʰewsómos	nīetenum	animālibus	živótnym	живо́тным	ζῴοις	zṓiois	पशुभ्यः	páśubhyaḥ	#				
animal	3	singular	neuter	ablative 	strong	animate	dʰewséad 		animālī 					पशोः	páśoḥ	#				
animal	3	dual	neuter	ablative 	strong	animate								पशुभ्याम्	páśubhyām 	#				
animal	3	plural	neuter	ablative 	strong	animate	dʰewsómos		animālibus					पशुभ्यः	páśubhyaḥ	#				
animal	3	singular	neuter	locative 	strong	animate	dʰewséy, dʰewsóy 							पशुनि	páśuni 	#				
animal	3	dual	neuter	locative 	strong	animate								पशुनोः	páśunoḥ 	#				
animal	3	plural	neuter	locative 	strong	animate	dʰewsóysu							पशुषु	páśuṣu	#				
animal	3	singular	neuter	instrumental 	strong	animate	dʰewsóh₁ 			živótnym 	живо́тным			पशुना / पश्वा²	páśunā	#				
animal	3	dual	neuter	instrumental 	strong	animate								पशुभ्याम्	páśubhyām 	#				
animal	3	plural	neuter	instrumental 	strong	animate	dʰewsṓys			živótnymi	живо́тными			पशुभिः	páśubhiḥ	#				
animal	3	singular	neuter	vocative	strong	animate	dʰewsóm 		animal 			ζῷον	zôion	पशु / पशो	páśu / páśo 	#				
animal	3	dual	neuter	vocative	strong	animate	dʰewsóy(h₁) 					ζῴω	zṓiō	पशुनी	páśunī 	#				
animal	3	plural	neuter	vocative	strong	animate	dʰewséh₂		animālia			ζῷᾰ	zôia	पशू / पशु	páśū / páśu	#				
animal	3	singular	neuter	partitive 	strong	animate										#				
animal	3	dual	neuter	partitive 	strong	animate										#				
animal	3	plural	neuter	partitive 	strong	animate										#				
animal	3	singular	neuter	prepositional 	strong	animate				živótnom 	живо́тном					#				
animal	3	dual	neuter	prepositional 	strong	animate										#				
animal	3	plural	neuter	prepositional 	strong	animate				živótnyx	живо́тных					#				
son	3	singular	masculine	nominative	strong	animate	suHnús 	sunu 	fīlius 	сы́н	sýn 	υἱός	huiós	सूनुः	sūnúḥ 	#	 for genitive pronouns and possessive pronouns of masculine possessions			
son	3	dual	masculine	nominative	strong	animate						υἱώ	huiṓ	सूनू	sūnū́ 	#				
son	3	plural	masculine	nominative	strong	animate	suHnéwes	suna	fīliī	сыновья́	synovʹjá	υἱοί	huioí	सूनवः	sūnávaḥ	#				
son	3	singular	masculine	accusative	strong	animate	suHnúm 	sunu 	fīlium 	сы́на	sýna 	υἱόν	huión	सूनुम्	sūnúm 	#	 for possessive pronouns of masculine possessions			
son	3	dual	masculine	accusative	strong	animate						υἱώ	huiṓ	सूनू	sūnū́ 	#				
son	3	plural	masculine	accusative	strong	animate	suHnúms	suna	fīliōs	сынове́й	synovéj	υἱούς	huioús	सूनून्	sūnū́n	#				
son	3	singular	masculine	genitive	strong	animate	suHnóws 	suna 	fīliī	сы́на	sýna 	υἱοῦ	huioû	सूनोः	sūnóḥ	#				
son	3	dual	masculine	genitive	strong	animate						υἱοῖν	huioîn	सून्वोः	sūnvóḥ 	#				
son	3	plural	masculine	genitive	strong	animate	suHnéwom	suna	fīliōrum	сынове́й	synovéj	υἱῶν	huiôn	सूनूनाम्	sūnūnā́m	#				
son	3	singular	masculine	dative	strong	animate	suHnéwey 	suna 	fīliō 	сы́ну	sýnu 	υἱῷ	huiôi	सूनवे	sūnáve	#				
son	3	dual	masculine	dative	strong	animate						υἱοῖν	huioîn	सूनुभ्याम्	sūnúbhyām 	#				
son	3	plural	masculine	dative	strong	animate	suHnúbʰ-	sunum	fīliīs	сыновья́м	synovʹjám	υἱοῖς	huioîs	सूनुभ्यः	sūnúbhyaḥ	#				
son	3	singular	masculine	ablative 	strong	animate	suHnóws 		fīliō 					सूनोः	sūnóḥ	#				
son	3	dual	masculine	ablative 	strong	animate								सूनुभ्याम्	sūnúbhyām 	#				
son	3	plural	masculine	ablative 	strong	animate	suHnúbʰ-		fīliīs					सूनुभ्यः	sūnúbhyaḥ	#				
son	3	singular	masculine	locative 	strong	animate	suHnḗw 							सूनौ	sūnaú 	#				
son	3	dual	masculine	locative 	strong	animate								सून्वोः	sūnvóḥ 	#				
son	3	plural	masculine	locative 	strong	animate	suHnúsu							सूनुषु	sūnúṣu	#				
son	3	singular	masculine	instrumental 	strong	animate	suHnwéh₁ 			сы́ном	sýnom 			सूनुना	sūnúnā	#				
son	3	dual	masculine	instrumental 	strong	animate								सूनुभ्याम्	sūnúbhyām 	#				
son	3	plural	masculine	instrumental 	strong	animate	suHnúbʰ- 			сыновья́ми	synovʹjámi			सूनुभिः	sūnúbhiḥ	#				
son	3	singular	masculine	vocative	strong	animate	suHnów 		fīlī 	сы́не	sýne 	υἱέ	huié	सूनो	sū́no 	#				
son	3	dual	masculine	vocative	strong	animate						υἱώ	huiṓ	सूनू	sū́nū 	#				
son	3	plural	masculine	vocative	strong	animate	suHnéwes		fīliī			υἱοί	huioí	सूनवः	sū́navaḥ	#				
son	3	singular	masculine	partitive 	strong	animate										#				
son	3	dual	masculine	partitive 	strong	animate										#				
son	3	plural	masculine	partitive 	strong	animate										#				
son	3	singular	masculine	prepositional 	strong	animate				сы́не	sýne 					#				
son	3	dual	masculine	prepositional 	strong	animate										#				
son	3	plural	masculine	prepositional 	strong	animate				сыновья́х	synovʹjáx					#				
daughter	3	singular	feminine	nominative	strong	animate	dʰugh₂tḗr 	dohtor 	fīlia 	до́чь	dóčʹ 	θῠγᾰ́τηρ	thugátēr	दुहिता	duhitā́ 	#	 for genitive pronouns and possessive pronouns of feminine possessions			
daughter	3	dual	feminine	nominative	strong	animate	dʰugh₂térh₁(e) 					θῠγᾰ́τερε	thugátere	दुहितरौ	duhitárau	#				
daughter	3	plural	feminine	nominative	strong	animate	dʰugh₂téres	dohtor|dohtra|dohtru	fīliae	до́чери	dóčeri	θῠγᾰτέρες|θῠ́γᾰτρες	thugatéres|thúgatres	दुहितरः	duhitáraḥ	#				
daughter	3	singular	feminine	accusative	strong	animate	dʰugh₂térm̥ 	dohtor 	fīliam 	до́чь	dóčʹ 	θῠγᾰ́τερᾰ|θῠγᾰτέρᾰ|θῠ́γᾰτρᾰ	thugátera|thugatéra|thúgatra 	दुहितरम्	duhitáram 	#	 for possessive pronouns of feminine possessions			
daughter	3	dual	feminine	accusative	strong	animate	dʰugh₂térh₁(e) 					θῠγᾰ́τερε	thugátere	दुहितरौ	duhitárau	#				
daughter	3	plural	feminine	accusative	strong	animate	dʰugh₂térm̥s	dohtor|dohtra|dohtru	fīliās	дочере́й	dočeréj	θῠγᾰτέρᾰς	thugatéras	दुहितॄः	duhitṝ́ḥ	#				
daughter	3	singular	feminine	genitive	strong	animate	dʰugtrés 	dohtor 	fīliae 	до́чери	dóčeri 	θῠγᾰτέρος|θῠγᾰτρός	thugatéros|thugatrós 	दुहितुः	duhitúḥ 	#				
daughter	3	dual	feminine	genitive	strong	animate	 					θῠγᾰτέροιν	thugatéroin	दुहित्रोः	duhitróḥ 	#				
daughter	3	plural	feminine	genitive	strong	animate	dʰugtróHom	dohtra	fīliārum	дочере́й	dočeréj	θῠγᾰτέρων|θῠγᾰτρῶν	thugatérōn|thugatrôn	दुहितॄणाम्	duhitṝṇā́m	#				
daughter	3	singular	feminine	dative	strong	animate	dʰugtréy 	dehter 	fīliae 	до́чери	dóčeri 	θῠγᾰτέρῐ|θῠγᾰτρί	thugatéri|thugatrí 	दुहित्रे	duhitré 	#				
daughter	3	dual	feminine	dative	strong	animate	 					θῠγᾰτέροιν	thugatéroin	दुहितृभ्याम्	duhitṛ́bhyām 	#				
daughter	3	plural	feminine	dative	strong	animate	dʰugtr̥mós	dohtrum	fīliīs|fīliābus	дочеря́м	dočerjám	θῠγᾰτέρσῐ|θῠγᾰτέρσῐν|θῠγᾰτρᾰ́σῐ|θῠγᾰτρᾰ́σῐν	thugatérsi(n)|thugatrási(n)	दुहितृभ्यः	duhitṛ́bhyaḥ	#				
daughter	3	singular	feminine	ablative 	strong	animate	dʰugtrés 		fīliā 					दुहितुः	duhitúḥ 	#				
daughter	3	dual	feminine	ablative 	strong	animate	 							दुहितृभ्याम्	duhitṛ́bhyām 	#				
daughter	3	plural	feminine	ablative 	strong	animate	dʰugtr̥mós		fīliīs|fīliābus					दुहितृभ्यः	duhitṛ́bhyaḥ	#				
daughter	3	singular	feminine	locative 	strong	animate	dʰugh₂tér|dʰugh₂téri 							दुहितरि	duhitári 	#				
daughter	3	dual	feminine	locative 	strong	animate	 							दुहित्रोः	duhitróḥ 	#				
daughter	3	plural	feminine	locative 	strong	animate	dʰugtr̥sú							दुहितृषु	duhitṛ́ṣu	#				
daughter	3	singular	feminine	instrumental 	strong	animate	dʰugtréh₁ 			до́черью	dóčerʹju 			दुहित्रा	duhitrā́ 	#				
daughter	3	dual	feminine	instrumental 	strong	animate	 							दुहितृभ्याम्	duhitṛ́bhyām 	#				
daughter	3	plural	feminine	instrumental 	strong	animate	dʰugtr̥mís 			дочерьми́	dočerʹmí			दुहितृभिः	duhitṛ́bhiḥ	#				
daughter	3	singular	feminine	vocative	strong	animate	dʰugh₂tér 		fīlia 	до́ча	dóča 	θῠγᾰ́τερ|θῠ́γᾰτερ	thugáter|thúgater 	दुहितः	dúhitaḥ 	#				
daughter	3	dual	feminine	vocative	strong	animate	dʰugh₂térh₁(e) 					θῠγᾰ́τερε	thugátere	दुहितरौ	dúhitarau	#				
daughter	3	plural	feminine	vocative	strong	animate	dʰugh₂téres		fīliae			θῠγᾰτέρες|θῠ́γᾰτρες	thugatéres|thúgatres	दुहितरः	dúhitaraḥ	#				
daughter	3	singular	feminine	partitive 	strong	animate										#				
daughter	3	dual	feminine	partitive 	strong	animate										#				
daughter	3	plural	feminine	partitive 	strong	animate										#				
daughter	3	singular	feminine	prepositional 	strong	animate				до́чери	dóčeri 					#				
daughter	3	dual	feminine	prepositional 	strong	animate										#				
daughter	3	plural	feminine	prepositional 	strong	animate				дочеря́х	dočerjáx					#				
livestock	3	singular	neuter	nominative	strong	animate	péḱu 	feoh 	pecus 	поголо́вье	pogolóvʹje 	κτῆνος	ktênos	पशु	páśu 	#	for genitive pronouns and possessive pronouns of neuter possessions			
livestock	3	dual	neuter	nominative	strong	animate	péḱwih₁ 	feoh 				κτήνει	ktḗnei	पशुनी	páśunī 	#				
livestock	3	plural	neuter	nominative	strong	animate	péḱuh₂	feoh 	pecora	поголо́вья	pogolóvʹja	κτήνη	ktḗnē	पशू / पशु	páśū / páśu	#				
livestock	3	singular	neuter	accusative	strong	animate	péḱu 	feoh 	pecus 	поголо́вье	pogolóvʹje 	κτῆνος	ktênos	पशु	páśu 	#	for possessive pronouns of neuter possessions			
livestock	3	dual	neuter	accusative	strong	animate	péḱwih₁ 	feoh 				κτήνει	ktḗnei	पशुनी	páśunī 	#				
livestock	3	plural	neuter	accusative	strong	animate	péḱuh₂	feoh 	pecora	поголо́вья	pogolóvʹja	κτήνη	ktḗnē	पशू / पशु	páśū / páśu	#				
livestock	3	singular	neuter	genitive	strong	animate	pḱéws 	fēos 	pecoris 	поголо́вья	pogolóvʹja 	κτήνους	ktḗnous	पशोः	páśoḥ	#				
livestock	3	dual	neuter	genitive	strong	animate		fēos 				κτηνοῖν	ktēnoîn	पशुनोः	páśunoḥ 	#				
livestock	3	plural	neuter	genitive	strong	animate	pḱéwoHom	fēos 	pecorum	поголо́вий	pogolóvij	κτηνῶν	ktēnôn	पशूनाम्	páśūnām	#				
livestock	3	singular	neuter	dative	strong	animate	pḱéwey 	fēo 	pecorī 	поголо́вью	pogolóvʹju 	κτήνει	ktḗnei	पशवे	páśave	#				
livestock	3	dual	neuter	dative	strong	animate		fēo 				κτηνοῖν	ktēnoîn	पशुभ्याम्	páśubhyām 	#				
livestock	3	plural	neuter	dative	strong	animate	pḱúmos	fēo 	pecoribus	поголо́вьям	pogolóvʹjam	κτήνεσῐ|κτήνεσῐν	ktḗnesi(n)	पशुभ्यः	páśubhyaḥ	#				
livestock	3	singular	neuter	ablative 	strong	animate	pḱéws 		pecore 					पशोः	páśoḥ	#				
livestock	3	dual	neuter	ablative 	strong	animate								पशुभ्याम्	páśubhyām 	#				
livestock	3	plural	neuter	ablative 	strong	animate	pḱúmos		pecoribus					पशुभ्यः	páśubhyaḥ	#				
livestock	3	singular	neuter	locative 	strong	animate	pḱéw|pḱéwi 							पशुनि	páśuni 	#				
livestock	3	dual	neuter	locative 	strong	animate								पशुनोः	páśunoḥ 	#				
livestock	3	plural	neuter	locative 	strong	animate	pḱúsu							पशुषु	páśuṣu	#				
livestock	3	singular	neuter	instrumental 	strong	animate	pḱúh₁ 			поголо́вьем	pogolóvʹjem 			पशुना / पश्वा²	páśunā	#				
livestock	3	dual	neuter	instrumental 	strong	animate								पशुभ्याम्	páśubhyām 	#				
livestock	3	plural	neuter	instrumental 	strong	animate	pḱúmis			поголо́вьями	pogolóvʹjami			पशुभिः	páśubhiḥ	#				
livestock	3	singular	neuter	vocative	strong	animate	péḱu 		pecus 			κτῆνος	ktênos	पशु / पशो	páśu / páśo 	#				
livestock	3	dual	neuter	vocative	strong	animate	péḱwih₁ 					κτήνει	ktḗnei	पशुनी	páśunī 	#				
livestock	3	plural	neuter	vocative	strong	animate	péḱuh₂		pecora			κτήνη	ktḗnē	पशू / पशु	páśū / páśu	#				
livestock	3	singular	neuter	partitive 	strong	animate				поголо́вье	pogolóvʹje 					#				
livestock	3	dual	neuter	partitive 	strong	animate										#				
livestock	3	plural	neuter	partitive 	strong	animate				поголо́вьях	pogolóvʹjax					#				
livestock	3	singular	neuter	prepositional 	strong	animate										#				
livestock	3	dual	neuter	prepositional 	strong	animate										#				
livestock	3	plural	neuter	prepositional 	strong	animate										#				
well	3	singular	masculine	accusative	strong	animate	kóylóm    	"ġesundne 	"	bonum 	здоро́вого	zdoróvovo	ὑγῐῆ|ὑγῐᾶ	hugiê|hugiâ	कल्यम्	kalyam 	#	 for nominatives of pronouns and other sapients			
well	3	dual	masculine	accusative	strong	animate	kóylóh₁     					ὑγῐεῖ|ὑγιῆ	hugieî|hugiê	कल्यौ	kalyau 	#				
well	3	plural	masculine	accusative	strong	animate	kóylóms     	ġesunde	bonōs 	здоро́вых	zdoróvyx	ὑγῐεῖς|ὑγιᾶς	hugieîs|hugiâs	कल्यान्	kalyān	#				
well	3	singular	feminine	accusative	strong	animate	kóylā́m   	ġesunde	bonam 	здоро́вую	zdoróvuju	ὑγῐῆ|ὑγῐᾶ	hugiê|hugiâ	कल्याम्	kalyām 	#				
well	3	dual	feminine	accusative	strong	animate	kóyléh₂h₁(e)					ὑγῐεῖ|ὑγιῆ	hugieî|hugiê	कल्ये	kalye 	#				
well	3	plural	feminine	accusative	strong	animate	kóyléh₂m̥s  	ġesunda|ġesunde	bonās 	здоро́вых	zdoróvyx	ὑγῐεῖς|ὑγιᾶς	hugieîs|hugiâs	कल्याः	kalyāḥ	#				
well	3	singular	neuter	accusative	strong	animate	kóylóm    	ġesund	bonum	здоро́вое	zdoróvoje	ὑγῐές	hugiés	कल्यम्	kalyam 	#				
well	3	dual	neuter	accusative	strong	animate	kóylóy(h₁)  					ὑγῐεῖ	hugieî	कल्ये	kalye 	#				
well	3	plural	neuter	accusative	strong	animate	kóyléh₂     	ġesund	bona	здоро́вых	zdoróvyx	ὑγῐῆ|ὑγῐᾶ	hugiê|hugiâ	कल्यानि	kalyāni	#				
well	3	singular	masculine	accusative	strong	inanimate				здоро́вые	zdoróvyje					#				
well	3	dual	masculine	accusative	strong	inanimate										#				
well	3	plural	masculine	accusative	strong	inanimate				здоро́вые	zdoróvyje					#				
well	3	singular	feminine	accusative	strong	inanimate				здоро́вую	zdoróvuju					#				
well	3	dual	feminine	accusative	strong	inanimate										#				
well	3	plural	feminine	accusative	strong	inanimate				здоро́вых	zdoróvyx					#				
well	3	singular	neuter	accusative	strong	inanimate				здоро́вое	zdoróvoje					#				
well	3	dual	neuter	accusative	strong	inanimate										#				
well	3	plural	neuter	accusative	strong	inanimate				здоро́вые	zdoróvyje					#				
good	3	singular	masculine	accusative	strong	animate	h₁wésum 	gōdne 	bonum 	хоро́шего	xoróševo	ἐσθλόν	esthlón 	साधुम्	sādhúm 	#	 for nominatives of concepts and miscellaneous nouns			
good	3	dual	masculine	accusative	strong	animate	h₁wésuh₁(e) 					ἐσθλώ	esthlṓ 	साधू	sādhū́ 	#				
good	3	plural	masculine	accusative	strong	animate	h₁wésums	gōde 	bonōs 	хоро́ших	xoróšix	ἐσθλούς	esthloús 	साधून्	sādhū́n	#				
good	3	singular	feminine	accusative	strong	animate	h₁uséwih₂m̥ 	gōde 	bonam 	хоро́шую	xoróšuju	ἐσθλήν	esthlḗn 	साध्वीम्	sādhvī́m 	#				
good	3	dual	feminine	accusative	strong	animate	h₁uséwih₂h₁(e) 					ἐσθλᾱ́	esthlā́ 	साध्व्यौ	sādhvyaù	#				
good	3	plural	feminine	accusative	strong	animate	h₁uséwih₂m̥s	gōda, gōde 	bonās 	хоро́ших	xoróšix	ἐσθλᾱ́ς	esthlā́s 	साध्वीः	sādhvī́ḥ	#				
good	3	singular	neuter	accusative	strong	animate	h₁wésu 	gōd	bonum	хоро́шее	xoróšeje	ἐσθλόν	esthlón	साधु	sādhú 	#				
good	3	dual	neuter	accusative	strong	animate	h₁wéswih₁ 					ἐσθλώ	esthlṓ	साधुनी	sādhúnī 	#				
good	3	plural	neuter	accusative	strong	animate	h₁wésuh₂	gōd	bona	хоро́ших	xoróšix	ἐσθλᾰ́	esthlá	साधू / साधु	sādhū́ / sādhú	#				
good	3	singular	masculine	accusative	strong	inanimate				хоро́ший	xoróšij					#				
good	3	dual	masculine	accusative	strong	inanimate										#				
good	3	plural	masculine	accusative	strong	inanimate				хоро́шие	xoróšije 					#				
good	3	singular	feminine	accusative	strong	inanimate				хоро́шую	xoróšuju					#				
good	3	dual	feminine	accusative	strong	inanimate										#				
good	3	plural	feminine	accusative	strong	inanimate				хоро́шие	xoróšije 					#				
good	3	singular	neuter	accusative	strong	inanimate				хоро́шее	xoróšeje					#				
good	3	dual	neuter	accusative	strong	inanimate										#				
good	3	plural	neuter	accusative	strong	inanimate				хоро́шие	xoróšije 					#				
bad	3	singular	masculine	accusative	strong	animate	dusom	yfelne 	malum 	плохо́го	ploxóvo	kakón 	κᾰκόν	अघम्	aghám 	#	 for nominatives of concepts and miscellaneous nouns			
bad	3	dual	masculine	accusative	strong	animate	dusóh₁     					kakṓ 	κᾰκώ	अघौ	aghaú 	#				
bad	3	plural	masculine	accusative	strong	animate	dusóms     	yfele 	malōs 	плохи́х	ploxíx	kakoús 	κᾰκούς	अघान्	aghā́n	#				
bad	3	singular	feminine	accusative	strong	animate	dusā́m   	yfele 	malam 	плоху́ю	ploxúju	kakḗn 	κᾰκήν	अघाम्	aghā́m 	#				
bad	3	dual	feminine	accusative	strong	animate	duséh₂h₁(e)					kakā́ 	κᾰκᾱ́	अघे	aghé 	#				
bad	3	plural	feminine	accusative	strong	animate	duséh₂m̥s  	yfela, yfele 	malās 	плохи́х	ploxíx	kakā́s 	κᾰκᾱ́ς	अघाः	aghā́ḥ	#				
bad	3	singular	neuter	accusative	strong	animate	dusóm    	yfel	malum 	плохо́е	ploxóje	kakón	κᾰκόν	अघम्	aghám 	#				
bad	3	dual	neuter	accusative	strong	animate	dusóy(h₁)  					kakṓ	κᾰκώ	अघे	aghé 	#				
bad	3	plural	neuter	accusative	strong	animate	duséh₂     	yfel	mala	плохи́х	ploxíx	kaká	κᾰκᾰ́	अघानि	aghā́ni	#				
bad	3	singular	masculine	accusative	strong	inanimate				плохо́й	ploxój					#				
bad	3	dual	masculine	accusative	strong	inanimate										#				
bad	3	plural	masculine	accusative	strong	inanimate				плохи́е	ploxíje					#				
bad	3	singular	feminine	accusative	strong	inanimate				плоху́ю	ploxúju					#				
bad	3	dual	feminine	accusative	strong	inanimate										#				
bad	3	plural	feminine	accusative	strong	inanimate				плохи́е	ploxíje					#				
bad	3	singular	neuter	accusative	strong	inanimate				плохо́е	ploxóje					#				
bad	3	dual	neuter	accusative	strong	inanimate										#				
bad	3	plural	neuter	accusative	strong	inanimate				плохи́е	ploxíje					#				
big	3	singular	masculine	accusative	strong	animate	méǵh₂m̥ 	miċelne 	magnum 	большо́го	bolʹšóvo	μέγᾰν	mégan 	महम्	mahám 	#	 for nominatives of visibles			
big	3	dual	masculine	accusative	strong	animate	méǵh₂h₁(e) 					μεγᾰ́λω	megálō 	महौ	mahaú 	#				
big	3	plural	masculine	accusative	strong	animate	méǵh₂m̥s	miċele 	magnōs 	больши́х	bolʹšíx	μεγᾰ́λους	megálous 	महान्	mahā́n	#				
big	3	singular	feminine	accusative	strong	animate	méǵh₂ih₂m̥ 	miċele 	magnam 	большу́ю	bolʹšúju	μεγᾰ́λην	megálēn 	महाम्	mahā́m 	#				
big	3	dual	feminine	accusative	strong	animate	méǵh₂ih₂h₁(e) 					μεγᾰ́λᾱ	megálā 	महे	mahé 	#				
big	3	plural	feminine	accusative	strong	animate	méǵh₂ih₂m̥s	miċela, miċele 	magnās 	больши́х	bolʹšíx	μεγᾰ́λᾱς	megálās 	महाः	mahā́ḥ	#				
big	3	singular	neuter	accusative	strong	animate	méǵh₂ 	miċel	magnum 	большо́е	bolʹšóje	μέγᾰ	méga 	महम्	mahám 	#				
big	3	dual	neuter	accusative	strong	animate	méǵh₂ih₁ 					μεγᾰ́λω	megálō 	महे	mahé 	#				
big	3	plural	neuter	accusative	strong	animate	méǵh₂h₂	miċel	magna	больши́х	bolʹšíx	μεγᾰ́λᾰ	megála	महानि	mahā́ni	#				
big	3	singular	masculine	accusative	strong	inanimate				большо́й	bolʹšój					#				
big	3	dual	masculine	accusative	strong	inanimate										#				
big	3	plural	masculine	accusative	strong	inanimate		 		больши́е	bolʹšíje					#				
big	3	singular	feminine	accusative	strong	inanimate				большу́ю	bolʹšúju					#				
big	3	dual	feminine	accusative	strong	inanimate										#				
big	3	plural	feminine	accusative	strong	inanimate				больши́е	bolʹšíje					#				
big	3	singular	neuter	accusative	strong	inanimate				большо́е	bolʹšóje					#				
big	3	dual	neuter	accusative	strong	inanimate										#				
big	3	plural	neuter	accusative	strong	inanimate				больши́е	bolʹšíje					#				
loud	3	singular	masculine	accusative	strong	animate	ḱlewtom	hlūdne 	magnum 	гро́мкого	grómkovo	μέγᾰν	mégan 	महम्	mahám 	#	 for nominatives of audibles	" most translations are equivalent to ""great"""		
loud	3	dual	masculine	accusative	strong	animate	ḱlewtóh₁     					μεγᾰ́λω	megálō 	महौ	mahaú 	#				
loud	3	plural	masculine	accusative	strong	animate	ḱlewtóms     	hlūde 	magnōs 	гро́мких	grómkix	μεγᾰ́λους	megálous 	महान्	mahā́n	#				
loud	3	singular	feminine	accusative	strong	animate	ḱlewtā́m   	hlūde 	magnam 	гро́мкую	grómkuju 	μεγᾰ́λην	megálēn 	महाम्	mahā́m 	#				
loud	3	dual	feminine	accusative	strong	animate	ḱlewtéh₂h₁(e)					μεγᾰ́λᾱ	megálā 	महे	mahé 	#				
loud	3	plural	feminine	accusative	strong	animate	ḱlewtéh₂m̥s  	hlūda|hlūde	magnās 	гро́мких	grómkix	μεγᾰ́λᾱς	megálās 	महाः	mahā́ḥ	#				
loud	3	singular	neuter	accusative	strong	animate	ḱlewtóm    	hlūd	magnum 	гро́мкое	grómkoje	μέγᾰ	méga 	महम्	mahám 	#				
loud	3	dual	neuter	accusative	strong	animate	ḱlewtóy(h₁)  					μεγᾰ́λω	megálō 	महे	mahé 	#				
loud	3	plural	neuter	accusative	strong	animate	ḱlewtéh₂     	hlūd	magna	гро́мких	grómkix	μεγᾰ́λᾰ	megála	महानि	mahā́ni	#				
loud	3	singular	masculine	accusative	strong	inanimate				гро́мкий	grómkij					#				
loud	3	dual	masculine	accusative	strong	inanimate										#				
loud	3	plural	masculine	accusative	strong	inanimate				гро́мкие	grómkije					#				
loud	3	singular	feminine	accusative	strong	inanimate				гро́мкую	grómkuju 					#				
loud	3	dual	feminine	accusative	strong	inanimate										#				
loud	3	plural	feminine	accusative	strong	inanimate				гро́мкие	grómkije					#				
loud	3	singular	neuter	accusative	strong	inanimate				гро́мкое	grómkoje					#				
loud	3	dual	neuter	accusative	strong	inanimate										#				
loud	3	plural	neuter	accusative	strong	inanimate				гро́мкие	grómkije					#				
sound	3	singular	masculine	nominative	strong	animate	swónh₂os	swēġ	sonus	зву́к	zvúk	φθόγγος	phthóngos	स्वरः	sváraḥ	#	 for genitives of audibles			
size	3	singular	masculine	nominative	strong	animate	méh₁tis 	miċelnes	magnitūdō	разме́р	razmér	μέγεθος	mégethos	मानम्	mā́nam	#	 for genitives of visibles	" PIE is closer to ""measurement"""		
thought	3	singular	masculine	nominative	strong	animate	tóngos	þōht	idea	иде́я	idéja	ἰδέᾱ	idéā	धीः	dhī́ḥ	#	 for genitives of concepts and miscellaneous nouns			
thought	3	singular	masculine	accusative	strong	animate	tóngom	þōht	ideam	иде́ю	idéju	ἰδέᾱν	idéān	धियम्	dhíyam	#	" ""his thought"": for demonstrating motion to/from a concept"			
attention	3	singular	masculine	accusative	strong	animate	méntim	begíemenne	attentiōnem	внима́ние	vnimánije	φροντῐ́ς 	phrontís	अवधान	avadhāna	#	" ""his attention"": for demonstrating motion to/from an audible or visible that cannot be reached"	" PIE is closer to ""thoughts"""		
his	3	singular	masculine	possessive	strong	animate	ésyo	his	eius	его́	jevó	τοῦ	toû	तस्य	tasya	#	" ""his attention"": for demonstrating motion to/from an audible or visible that cannot be reached"			
