*	*	singular	singular	dual	dual	plural	plural	#		
*	*	greek	latin	greek	latin	greek	latin	#		
animal	nominative	τὸ ζῷον	tò zôion	τὼ ζῴω	tṑ zṓiō	τᾰ̀ ζῷᾰ	tà zôia	#	Second declension of τὸ ζῷον; τοῦ ζῴου (Attic)	
animal	genitive	τοῦ ζῴου	toû zṓiou	τοῖν ζῴοιν	toîn zṓioin	τῶν ζῴων	tôn zṓiōn	#	Second declension of τὸ ζῷον; τοῦ ζῴου (Attic)	
animal	dative	τῷ ζῴῳ	tôi zṓiōi	τοῖν ζῴοιν	toîn zṓioin	τοῖς ζῴοις	toîs zṓiois	#	Second declension of τὸ ζῷον; τοῦ ζῴου (Attic)	
animal	accusative	τὸ ζῷον	tò zôion	τὼ ζῴω	tṑ zṓiō	τᾰ̀ ζῷᾰ	tà zôia	#	Second declension of τὸ ζῷον; τοῦ ζῴου (Attic)	
animal	vocative	ζῷον	zôion	ζῴω	zṓiō	ζῷᾰ	zôia	#	Second declension of τὸ ζῷον; τοῦ ζῴου (Attic)	
attention	nominative	ἡ φροντῐ́ς	hē phrontís	τὼ φροντῐ́δε	tṑ phrontíde	αἱ φροντῐ́δες	hai phrontídes	#	Third declension of ἡ φροντῐ́ς; τῆς φροντῐ́δος (Attic)	
attention	genitive	τῆς φροντῐ́δος	tês phrontídos	τοῖν φροντῐ́δοιν	toîn phrontídoin	τῶν φροντῐ́δων	tôn phrontídōn	#	Third declension of ἡ φροντῐ́ς; τῆς φροντῐ́δος (Attic)	
attention	dative	τῇ φροντῐ́δῐ	têi phrontídi	τοῖν φροντῐ́δοιν	toîn phrontídoin	ταῖς φροντῐ́σῐ / φροντῐ́σῐν	taîs phrontísi(n)	#	Third declension of ἡ φροντῐ́ς; τῆς φροντῐ́δος (Attic)	
attention	accusative	τὴν φροντῐ́δᾰ	tḕn phrontída	τὼ φροντῐ́δε	tṑ phrontíde	τᾱ̀ς φροντῐ́δᾰς	tā̀s phrontídas	#	Third declension of ἡ φροντῐ́ς; τῆς φροντῐ́δος (Attic)	
attention	vocative	φροντῐ́ς	phrontís	φροντῐ́δε	phrontíde	φροντῐ́δες	phrontídes	#	Third declension of ἡ φροντῐ́ς; τῆς φροντῐ́δος (Attic)	
bird	nominative	ὁ, ἡ ὄρνῑς	ho, hē órnīs	τὼ ὄρνῑθε	tṑ órnīthe	οἱ, αἱ ὄρνῑθες	hoi, hai órnīthes	#	Third declension of ὁ, ἡ ὄρνῑς; τοῦ, τῆς ὄρνῑθος (Attic)	
bird	genitive	τοῦ, τῆς ὄρνῑθος	toû, tês órnīthos	τοῖν ὀρνῑ́θοιν	toîn ornī́thoin	τῶν ὀρνῑ́θων	tôn ornī́thōn	#	Third declension of ὁ, ἡ ὄρνῑς; τοῦ, τῆς ὄρνῑθος (Attic)	
bird	dative	τῷ, τῇ ὄρνῑθῐ	tôi, têi órnīthi	τοῖν ὀρνῑ́θοιν	toîn ornī́thoin	τοῖς, ταῖς ὄρνῑσῐ / ὄρνῑσῐν	toîs, taîs órnīsi(n)	#	Third declension of ὁ, ἡ ὄρνῑς; τοῦ, τῆς ὄρνῑθος (Attic)	
bird	accusative	τὸν, τὴν ὄρνῑν / ὄρνῑθα	tòn, tḕn órnīn / órnītha	τὼ ὄρνῑθε	tṑ órnīthe	τοὺς, τᾱ̀ς ὄρνῑθᾰς	toùs, tā̀s órnīthas	#	Third declension of ὁ, ἡ ὄρνῑς; τοῦ, τῆς ὄρνῑθος (Attic)	
bird	vocative	ὄρνῑ	órnī	ὄρνῑθε	órnīthe	ὄρνῑθες	órnīthes	#	Third declension of ὁ, ἡ ὄρνῑς; τοῦ, τῆς ὄρνῑθος (Attic)	
boat	nominative	ἡ ναῦς	hē naûs	τὼ νῆε	tṑ nêe	αἱ νῆες	hai nêes	#	Irregular declension of ἡ ναῦς; τῆς νεώς (Attic)	
boat	genitive	τῆς νεώς	tês neṓs	τοῖν νεοῖν	toîn neoîn	τῶν νεῶν	tôn neôn	#	Irregular declension of ἡ ναῦς; τῆς νεώς (Attic)	
boat	dative	τῇ νηΐ	têi nēḯ	τοῖν νεοῖν	toîn neoîn	ταῖς ναυσί / ναυσίν	taîs nausí(n)	#	Irregular declension of ἡ ναῦς; τῆς νεώς (Attic)	
boat	accusative	τὴν ναῦν	tḕn naûn	τὼ νῆε	tṑ nêe	τᾱ̀ς ναῦς	tā̀s naûs	#	Irregular declension of ἡ ναῦς; τῆς νεώς (Attic)	
boat	vocative	ναῦ	naû	νῆε	nêe	νῆες	nêes	#	Irregular declension of ἡ ναῦς; τῆς νεώς (Attic)	
book	nominative	τὸ βῐβλῐ́ον	tò biblíon	τὼ βῐβλῐ́ω	tṑ biblíō	τᾰ̀ βῐβλῐ́ᾰ	tà biblía	#	Second declension of τὸ βῐβλῐ́ον; τοῦ βῐβλῐ́ου (Attic)	
book	genitive	τοῦ βῐβλῐ́ου	toû biblíou	τοῖν βῐβλῐ́οιν	toîn biblíoin	τῶν βῐβλῐ́ων	tôn biblíōn	#	Second declension of τὸ βῐβλῐ́ον; τοῦ βῐβλῐ́ου (Attic)	
book	dative	τῷ βῐβλῐ́ῳ	tôi biblíōi	τοῖν βῐβλῐ́οιν	toîn biblíoin	τοῖς βῐβλῐ́οις	toîs biblíois	#	Second declension of τὸ βῐβλῐ́ον; τοῦ βῐβλῐ́ου (Attic)	
book	accusative	τὸ βῐβλῐ́ον	tò biblíon	τὼ βῐβλῐ́ω	tṑ biblíō	τᾰ̀ βῐβλῐ́ᾰ	tà biblía	#	Second declension of τὸ βῐβλῐ́ον; τοῦ βῐβλῐ́ου (Attic)	
book	vocative	βῐβλῐ́ον	biblíon	βῐβλῐ́ω	biblíō	βῐβλῐ́ᾰ	biblía	#	Second declension of τὸ βῐβλῐ́ον; τοῦ βῐβλῐ́ου (Attic)	
brother	nominative	ὁ ᾰ̓δελφός	ho adelphós	τὼ ᾰ̓δελφώ	tṑ adelphṓ	οἱ ᾰ̓δελφοί	hoi adelphoí	#	Second declension of ὁ ᾰ̓δελφός; τοῦ ᾰ̓δελφοῦ (Attic)	
brother	genitive	τοῦ ᾰ̓δελφοῦ	toû adelphoû	τοῖν ᾰ̓δελφοῖν	toîn adelphoîn	τῶν ᾰ̓δελφῶν	tôn adelphôn	#	Second declension of ὁ ᾰ̓δελφός; τοῦ ᾰ̓δελφοῦ (Attic)	
brother	dative	τῷ ᾰ̓δελφῷ	tôi adelphôi	τοῖν ᾰ̓δελφοῖν	toîn adelphoîn	τοῖς ᾰ̓δελφοῖς	toîs adelphoîs	#	Second declension of ὁ ᾰ̓δελφός; τοῦ ᾰ̓δελφοῦ (Attic)	
brother	accusative	τὸν ᾰ̓δελφόν	tòn adelphón	τὼ ᾰ̓δελφώ	tṑ adelphṓ	τοὺς ᾰ̓δελφούς	toùs adelphoús	#	Second declension of ὁ ᾰ̓δελφός; τοῦ ᾰ̓δελφοῦ (Attic)	
brother	vocative	ᾰ̓δελφέ / ᾰ̓́δελφε	adelphé / ádelphe	ᾰ̓δελφώ	adelphṓ	ᾰ̓δελφοί	adelphoí	#	Second declension of ὁ ᾰ̓δελφός; τοῦ ᾰ̓δελφοῦ (Attic)	
bug	nominative	τὸ ἔντομον	tò éntomon	τὼ ἐντόμω	tṑ entómō	τᾰ̀ ἔντομᾰ	tà éntoma	#	Second declension of τὸ ἔντομον; τοῦ ἐντόμου (Attic)	
bug	genitive	τοῦ ἐντόμου	toû entómou	τοῖν ἐντόμοιν	toîn entómoin	τῶν ἐντόμων	tôn entómōn	#	Second declension of τὸ ἔντομον; τοῦ ἐντόμου (Attic)	
bug	dative	τῷ ἐντόμῳ	tôi entómōi	τοῖν ἐντόμοιν	toîn entómoin	τοῖς ἐντόμοις	toîs entómois	#	Second declension of τὸ ἔντομον; τοῦ ἐντόμου (Attic)	
bug	accusative	τὸ ἔντομον	tò éntomon	τὼ ἐντόμω	tṑ entómō	τᾰ̀ ἔντομᾰ	tà éntoma	#	Second declension of τὸ ἔντομον; τοῦ ἐντόμου (Attic)	
bug	vocative	ἔντομον	éntomon	ἐντόμω	entómō	ἔντομᾰ	éntoma	#	Second declension of τὸ ἔντομον; τοῦ ἐντόμου (Attic)	
dog	nominative	ὁ, ἡ κῠ́ων	ho, hē kúōn	τὼ κῠ́νε	tṑ kúne	οἱ, αἱ κῠ́νες	hoi, hai kúnes	#	Third declension of ὁ, ἡ κῠ́ων; τοῦ, τῆς κῠνός (Attic)	
dog	genitive	τοῦ, τῆς κῠνός	toû, tês kunós	τοῖν κῠνοῖν	toîn kunoîn	τῶν κῠνῶν	tôn kunôn	#	Third declension of ὁ, ἡ κῠ́ων; τοῦ, τῆς κῠνός (Attic)	
dog	dative	τῷ, τῇ κῠνῐ́	tôi, têi kuní	τοῖν κῠνοῖν	toîn kunoîn	τοῖς, ταῖς κῠσῐ́ / κῠσῐ́ν / κῠ́νεσσῐ	toîs, taîs kusí / kusín / kúnessi	#	Third declension of ὁ, ἡ κῠ́ων; τοῦ, τῆς κῠνός (Attic)	
dog	accusative	τὸν, τὴν κῠ́νᾰ	tòn, tḕn kúna	τὼ κῠ́νε	tṑ kúne	τοὺς, τᾱ̀ς κῠ́νᾰς	toùs, tā̀s kúnas	#	Third declension of ὁ, ἡ κῠ́ων; τοῦ, τῆς κῠνός (Attic)	
dog	vocative	κῠ́ον / κῠ́ων	kúon / kúōn	κῠ́νε	kúne	κῠ́νες	kúnes	#	Third declension of ὁ, ἡ κῠ́ων; τοῦ, τῆς κῠνός (Attic)	
door	nominative	ἡ θῠ́ρᾱ	hē thúrā	τὼ θῠ́ρᾱ	tṑ thúrā	αἱ θῠ́ραι	hai thúrai	#	First declension of ἡ θῠ́ρᾱ; τῆς θῠ́ρᾱς (Attic)	
door	genitive	τῆς θῠ́ρᾱς	tês thúrās	τοῖν θῠ́ραιν	toîn thúrain	τῶν θῠρῶν	tôn thurôn	#	First declension of ἡ θῠ́ρᾱ; τῆς θῠ́ρᾱς (Attic)	
door	dative	τῇ θῠ́ρᾳ	têi thúrāi	τοῖν θῠ́ραιν	toîn thúrain	ταῖς θῠ́ραις	taîs thúrais	#	First declension of ἡ θῠ́ρᾱ; τῆς θῠ́ρᾱς (Attic)	
door	accusative	τὴν θῠ́ρᾱν	tḕn thúrān	τὼ θῠ́ρᾱ	tṑ thúrā	τᾱ̀ς θῠ́ρᾱς	tā̀s thúrās	#	First declension of ἡ θῠ́ρᾱ; τῆς θῠ́ρᾱς (Attic)	
door	vocative	θῠ́ρᾱ	thúrā	θῠ́ρᾱ	thúrā	θῠ́ραι	thúrai	#	First declension of ἡ θῠ́ρᾱ; τῆς θῠ́ρᾱς (Attic)	
clothing	nominative	ἡ ἐσθής	hē esthḗs	τὼ ἐσθῆτε	tṑ esthête	αἱ ἐσθῆτες	hai esthêtes	#	Third declension of ἡ ἐσθής; τῆς ἐσθῆτος (Attic)	
clothing	genitive	τῆς ἐσθῆτος	tês esthêtos	τοῖν ἐσθήτοιν	toîn esthḗtoin	τῶν ἐσθήτων	tôn esthḗtōn	#	Third declension of ἡ ἐσθής; τῆς ἐσθῆτος (Attic)	
clothing	dative	τῇ ἐσθῆτῐ	têi esthêti	τοῖν ἐσθήτοιν	toîn esthḗtoin	ταῖς ἐσθῆσῐ / ἐσθῆσῐν	taîs esthêsi(n)	#	Third declension of ἡ ἐσθής; τῆς ἐσθῆτος (Attic)	
clothing	accusative	τὴν ἐσθῆτᾰ	tḕn esthêta	τὼ ἐσθῆτε	tṑ esthête	τᾱ̀ς ἐσθῆτᾰς	tā̀s esthêtas	#	Third declension of ἡ ἐσθής; τῆς ἐσθῆτος (Attic)	
clothing	vocative	ἐσθής	esthḗs	ἐσθῆτε	esthête	ἐσθῆτες	esthêtes	#	Third declension of ἡ ἐσθής; τῆς ἐσθῆτος (Attic)	
daughter	nominative	ἡ θῠγᾰ́τηρ	hē thugátēr	τὼ θῠγᾰ́τερε	tṑ thugátere	αἱ θῠγᾰτέρες / θῠ́γᾰτρες	hai thugatéres / thúgatres	#	Third declension of ἡ θῠγᾰ́τηρ; τῆς θῠγᾰτέρος (Attic)	
daughter	genitive	τῆς θῠγᾰτέρος / θῠγᾰτρός	tês thugatéros / thugatrós	τοῖν θῠγᾰτέροιν	toîn thugatéroin	τῶν θῠγᾰτέρων / θῠγᾰτρῶν	tôn thugatérōn / thugatrôn	#	Third declension of ἡ θῠγᾰ́τηρ; τῆς θῠγᾰτέρος (Attic)	
daughter	dative	τῇ θῠγᾰτέρῐ / θῠγᾰτρί	têi thugatéri / thugatrí	τοῖν θῠγᾰτέροιν	toîn thugatéroin	ταῖς θῠγᾰτέρσῐ / θῠγᾰτέρσῐν / θῠγᾰτρᾰ́σῐ / θῠγᾰτρᾰ́σῐν	taîs thugatérsi(n) / thugatrási(n)	#	Third declension of ἡ θῠγᾰ́τηρ; τῆς θῠγᾰτέρος (Attic)	
daughter	accusative	τὴν θῠγᾰ́τερᾰ / θῠγᾰτέρᾰ / θῠ́γᾰτρᾰ	tḕn thugátera / thugatéra / thúgatra	τὼ θῠγᾰ́τερε	tṑ thugátere	τᾱ̀ς θῠγᾰτέρᾰς	tā̀s thugatéras	#	Third declension of ἡ θῠγᾰ́τηρ; τῆς θῠγᾰτέρος (Attic)	
daughter	vocative	θῠγᾰ́τερ / θῠ́γᾰτερ	thugáter / thúgater	θῠγᾰ́τερε	thugátere	θῠγᾰτέρες / θῠ́γᾰτρες	thugatéres / thúgatres	#	Third declension of ἡ θῠγᾰ́τηρ; τῆς θῠγᾰτέρος (Attic)	
drum	nominative	τὸ τῠ́μπᾰνον	tò túmpanon	τὼ τῠμπᾰ́νω	tṑ tumpánō	τᾰ̀ τῠ́μπᾰνᾰ	tà túmpana	#	Second declension of τὸ τῠ́μπᾰνον; τοῦ τῠμπᾰ́νου (Attic)	
drum	genitive	τοῦ τῠμπᾰ́νου	toû tumpánou	τοῖν τῠμπᾰ́νοιν	toîn tumpánoin	τῶν τῠμπᾰ́νων	tôn tumpánōn	#	Second declension of τὸ τῠ́μπᾰνον; τοῦ τῠμπᾰ́νου (Attic)	
drum	dative	τῷ τῠμπᾰ́νῳ	tôi tumpánōi	τοῖν τῠμπᾰ́νοιν	toîn tumpánoin	τοῖς τῠμπᾰ́νοις	toîs tumpánois	#	Second declension of τὸ τῠ́μπᾰνον; τοῦ τῠμπᾰ́νου (Attic)	
drum	accusative	τὸ τῠ́μπᾰνον	tò túmpanon	τὼ τῠμπᾰ́νω	tṑ tumpánō	τᾰ̀ τῠ́μπᾰνᾰ	tà túmpana	#	Second declension of τὸ τῠ́μπᾰνον; τοῦ τῠμπᾰ́νου (Attic)	
drum	vocative	τῠ́μπᾰνον	túmpanon	τῠμπᾰ́νω	tumpánō	τῠ́μπᾰνᾰ	túmpana	#	Second declension of τὸ τῠ́μπᾰνον; τοῦ τῠμπᾰ́νου (Attic)	
fire	nominative	τὸ πῦρ	tò pûr					#	Third declension of τὸ πῦρ; τοῦ πῠρός (Attic)	
fire	genitive	τοῦ πῠρός	toû purós					#	Third declension of τὸ πῦρ; τοῦ πῠρός (Attic)	
fire	dative	τῷ πῠρῐ́	tôi purí					#	Third declension of τὸ πῦρ; τοῦ πῠρός (Attic)	
fire	accusative	τὸ πῦρ	tò pûr					#	Third declension of τὸ πῦρ; τοῦ πῠρός (Attic)	
fire	vocative	πῦρ	pûr					#	Third declension of τὸ πῦρ; τοῦ πῠρός (Attic)	
food	nominative	τὸ βρῶμᾰ	tò brôma	τὼ βρώμᾰτε	tṑ brṓmate	τᾰ̀ βρώμᾰτᾰ	tà brṓmata	#	Third declension of τὸ βρῶμᾰ; τοῦ βρώμᾰτος (Attic)	
food	genitive	τοῦ βρώμᾰτος	toû brṓmatos	τοῖν βρωμᾰ́τοιν	toîn brōmátoin	τῶν βρωμᾰ́των	tôn brōmátōn	#	Third declension of τὸ βρῶμᾰ; τοῦ βρώμᾰτος (Attic)	
food	dative	τῷ βρώμᾰτῐ	tôi brṓmati	τοῖν βρωμᾰ́τοιν	toîn brōmátoin	τοῖς βρώμᾰσῐ / βρώμᾰσῐν	toîs brṓmasi(n)	#	Third declension of τὸ βρῶμᾰ; τοῦ βρώμᾰτος (Attic)	
food	accusative	τὸ βρῶμᾰ	tò brôma	τὼ βρώμᾰτε	tṑ brṓmate	τᾰ̀ βρώμᾰτᾰ	tà brṓmata	#	Third declension of τὸ βρῶμᾰ; τοῦ βρώμᾰτος (Attic)	
food	vocative	βρῶμᾰ	brôma	βρώμᾰτε	brṓmate	βρώμᾰτᾰ	brṓmata	#	Third declension of τὸ βρῶμᾰ; τοῦ βρώμᾰτος (Attic)	
gift	nominative	τὸ δῶρον	tò dôron	τὼ δώρω	tṑ dṓrō	τᾰ̀ δῶρᾰ	tà dôra	#	Second declension of τὸ δῶρον; τοῦ δώρου (Attic)	
gift	genitive	τοῦ δώρου	toû dṓrou	τοῖν δώροιν	toîn dṓroin	τῶν δώρων	tôn dṓrōn	#	Second declension of τὸ δῶρον; τοῦ δώρου (Attic)	
gift	dative	τῷ δώρῳ	tôi dṓrōi	τοῖν δώροιν	toîn dṓroin	τοῖς δώροις	toîs dṓrois	#	Second declension of τὸ δῶρον; τοῦ δώρου (Attic)	
gift	accusative	τὸ δῶρον	tò dôron	τὼ δώρω	tṑ dṓrō	τᾰ̀ δῶρᾰ	tà dôra	#	Second declension of τὸ δῶρον; τοῦ δώρου (Attic)	
gift	vocative	δῶρον	dôron	δώρω	dṓrō	δῶρᾰ	dôra	#	Second declension of τὸ δῶρον; τοῦ δώρου (Attic)	
glass	nominative	ἡ ὕᾰλος	hē húalos	τὼ ὑᾰ́λω	tṑ huálō	αἱ ὕᾰλοι	hai húaloi	#	Second declension of ἡ ὕᾰλος; τῆς ὑᾰ́λου (Attic)	
glass	genitive	τῆς ὑᾰ́λου	tês huálou	τοῖν ὑᾰ́λοιν	toîn huáloin	τῶν ὑᾰ́λων	tôn huálōn	#	Second declension of ἡ ὕᾰλος; τῆς ὑᾰ́λου (Attic)	
glass	dative	τῇ ὑᾰ́λῳ	têi huálōi	τοῖν ὑᾰ́λοιν	toîn huáloin	ταῖς ὑᾰ́λοις	taîs huálois	#	Second declension of ἡ ὕᾰλος; τῆς ὑᾰ́λου (Attic)	
glass	accusative	τὴν ὕᾰλον	tḕn húalon	τὼ ὑᾰ́λω	tṑ huálō	τᾱ̀ς ὑᾰ́λους	tā̀s huálous	#	Second declension of ἡ ὕᾰλος; τῆς ὑᾰ́λου (Attic)	
glass	vocative	ὕᾰλε	húale	ὑᾰ́λω	huálō	ὕᾰλοι	húaloi	#	Second declension of ἡ ὕᾰλος; τῆς ὑᾰ́λου (Attic)	
guard	nominative	ὁ τηρός	ho tērós	τὼ τηρώ	tṑ tērṓ	οἱ τηροί	hoi tēroí	#	Second declension of ὁ τηρός; τοῦ τηροῦ (Attic)	
guard	genitive	τοῦ τηροῦ	toû tēroû	τοῖν τηροῖν	toîn tēroîn	τῶν τηρῶν	tôn tērôn	#	Second declension of ὁ τηρός; τοῦ τηροῦ (Attic)	
guard	dative	τῷ τηρῷ	tôi tērôi	τοῖν τηροῖν	toîn tēroîn	τοῖς τηροῖς	toîs tēroîs	#	Second declension of ὁ τηρός; τοῦ τηροῦ (Attic)	
guard	accusative	τὸν τηρόν	tòn tērón	τὼ τηρώ	tṑ tērṓ	τοὺς τηρούς	toùs tēroús	#	Second declension of ὁ τηρός; τοῦ τηροῦ (Attic)	
guard	vocative	τηρέ	tēré	τηρώ	tērṓ	τηροί	tēroí	#	Second declension of ὁ τηρός; τοῦ τηροῦ (Attic)	
horse	nominative	ὁ, ἡ ῐ̔́ππος	ho, hē híppos	τὼ ῐ̔́ππω	tṑ híppō	οἱ, αἱ ῐ̔́πποι	hoi, hai híppoi	#	Second declension of ὁ, ἡ ῐ̔́ππος; τοῦ, τῆς ῐ̔́ππου (Attic)	
horse	genitive	τοῦ, τῆς ῐ̔́ππου	toû, tês híppou	τοῖν ῐ̔́πποιν	toîn híppoin	τῶν ῐ̔́ππων	tôn híppōn	#	Second declension of ὁ, ἡ ῐ̔́ππος; τοῦ, τῆς ῐ̔́ππου (Attic)	
horse	dative	τῷ, τῇ ῐ̔́ππῳ	tôi, têi híppōi	τοῖν ῐ̔́πποιν	toîn híppoin	τοῖς, ταῖς ῐ̔́πποις	toîs, taîs híppois	#	Second declension of ὁ, ἡ ῐ̔́ππος; τοῦ, τῆς ῐ̔́ππου (Attic)	
horse	accusative	τὸν, τὴν ῐ̔́ππον	tòn, tḕn híppon	τὼ ῐ̔́ππω	tṑ híppō	τοὺς, τᾱ̀ς ῐ̔́ππους	toùs, tā̀s híppous	#	Second declension of ὁ, ἡ ῐ̔́ππος; τοῦ, τῆς ῐ̔́ππου (Attic)	
horse	vocative	ῐ̔́ππε	híppe	ῐ̔́ππω	híppō	ῐ̔́πποι	híppoi	#	Second declension of ὁ, ἡ ῐ̔́ππος; τοῦ, τῆς ῐ̔́ππου (Attic)	
house	nominative	ὁ οἶκος	ho oîkos	τὼ οἴκω	tṑ oíkō	οἱ οἶκοι	hoi oîkoi	#	Second declension of ὁ οἶκος; τοῦ οἴκου (Attic)	
house	genitive	τοῦ οἴκου	toû oíkou	τοῖν οἴκοιν	toîn oíkoin	τῶν οἴκων	tôn oíkōn	#	Second declension of ὁ οἶκος; τοῦ οἴκου (Attic)	
house	dative	τῷ οἴκῳ	tôi oíkōi	τοῖν οἴκοιν	toîn oíkoin	τοῖς οἴκοις	toîs oíkois	#	Second declension of ὁ οἶκος; τοῦ οἴκου (Attic)	
house	accusative	τὸν οἶκον	tòn oîkon	τὼ οἴκω	tṑ oíkō	τοὺς οἴκους	toùs oíkous	#	Second declension of ὁ οἶκος; τοῦ οἴκου (Attic)	
house	vocative	οἶκε	oîke	οἴκω	oíkō	οἶκοι	oîkoi	#	Second declension of ὁ οἶκος; τοῦ οἴκου (Attic)	
livestock	nominative	τὸ κτῆνος	tò ktênos	τὼ κτήνει	tṑ ktḗnei	τᾰ̀ κτήνη	tà ktḗnē	#	Third declension of τὸ κτῆνος; τοῦ κτήνους (Attic)	
livestock	genitive	τοῦ κτήνους	toû ktḗnous	τοῖν κτηνοῖν	toîn ktēnoîn	τῶν κτηνῶν	tôn ktēnôn	#	Third declension of τὸ κτῆνος; τοῦ κτήνους (Attic)	
livestock	dative	τῷ κτήνει	tôi ktḗnei	τοῖν κτηνοῖν	toîn ktēnoîn	τοῖς κτήνεσῐ / κτήνεσῐν	toîs ktḗnesi(n)	#	Third declension of τὸ κτῆνος; τοῦ κτήνους (Attic)	
livestock	accusative	τὸ κτῆνος	tò ktênos	τὼ κτήνει	tṑ ktḗnei	τᾰ̀ κτήνη	tà ktḗnē	#	Third declension of τὸ κτῆνος; τοῦ κτήνους (Attic)	
livestock	vocative	κτῆνος	ktênos	κτήνει	ktḗnei	κτήνη	ktḗnē	#	Third declension of τὸ κτῆνος; τοῦ κτήνους (Attic)	
love	nominative	ἡ φῐλῐ́ᾱ	hē philíā	τὼ φῐλῐ́ᾱ	tṑ philíā	αἱ φῐλῐ́αι	hai philíai	#	First declension of ἡ φῐλῐ́ᾱ; τῆς φῐλῐ́ᾱς (Attic)	
love	genitive	τῆς φῐλῐ́ᾱς	tês philíās	τοῖν φῐλῐ́αιν	toîn philíain	τῶν φῐλῐῶν	tôn philiôn	#	First declension of ἡ φῐλῐ́ᾱ; τῆς φῐλῐ́ᾱς (Attic)	
love	dative	τῇ φῐλῐ́ᾳ	têi philíāi	τοῖν φῐλῐ́αιν	toîn philíain	ταῖς φῐλῐ́αις	taîs philíais	#	First declension of ἡ φῐλῐ́ᾱ; τῆς φῐλῐ́ᾱς (Attic)	
love	accusative	τὴν φῐλῐ́ᾱν	tḕn philíān	τὼ φῐλῐ́ᾱ	tṑ philíā	τᾱ̀ς φῐλῐ́ᾱς	tā̀s philíās	#	First declension of ἡ φῐλῐ́ᾱ; τῆς φῐλῐ́ᾱς (Attic)	
love	vocative	φῐλῐ́ᾱ	philíā	φῐλῐ́ᾱ	philíā	φῐλῐ́αι	philíai	#	First declension of ἡ φῐλῐ́ᾱ; τῆς φῐλῐ́ᾱς (Attic)	
idea	nominative	ἡ ἰδέᾱ	hē idéā	τὼ ἰδέᾱ	tṑ idéā	αἱ ἰδέαι	hai idéai	#	First declension of ἡ ἰδέᾱ; τῆς ἰδέᾱς (Attic)	
idea	genitive	τῆς ἰδέᾱς	tês idéās	τοῖν ἰδέαιν	toîn idéain	τῶν ἰδεῶν	tôn ideôn	#	First declension of ἡ ἰδέᾱ; τῆς ἰδέᾱς (Attic)	
idea	dative	τῇ ἰδέᾳ	têi idéāi	τοῖν ἰδέαιν	toîn idéain	ταῖς ἰδέαις	taîs idéais	#	First declension of ἡ ἰδέᾱ; τῆς ἰδέᾱς (Attic)	
idea	accusative	τὴν ἰδέᾱν	tḕn idéān	τὼ ἰδέᾱ	tṑ idéā	τᾱ̀ς ἰδέᾱς	tā̀s idéās	#	First declension of ἡ ἰδέᾱ; τῆς ἰδέᾱς (Attic)	
idea	vocative	ἰδέᾱ	idéā	ἰδέᾱ	idéā	ἰδέαι	idéai	#	First declension of ἡ ἰδέᾱ; τῆς ἰδέᾱς (Attic)	
man	nominative	ὁ ᾰ̓νήρ	ho anḗr	τὼ ᾰ̓́νδρε	tṑ ándre	οἱ ᾰ̓́νδρες	hoi ándres	#	Third declension of ὁ ᾰ̓νήρ; τοῦ ᾰ̓νδρός (Attic)	
man	genitive	τοῦ ᾰ̓νδρός	toû andrós	τοῖν ᾰ̓νδροῖν	toîn androîn	τῶν ᾰ̓νδρῶν	tôn andrôn	#	Third declension of ὁ ᾰ̓νήρ; τοῦ ᾰ̓νδρός (Attic)	
man	dative	τῷ ᾰ̓νδρῐ́	tôi andrí	τοῖν ᾰ̓νδροῖν	toîn androîn	τοῖς ᾰ̓νδρᾰ́σῐ / ᾰ̓νδρᾰ́σῐν	toîs andrási(n)	#	Third declension of ὁ ᾰ̓νήρ; τοῦ ᾰ̓νδρός (Attic)	
man	accusative	τὸν ᾰ̓́νδρᾰ	tòn ándra	τὼ ᾰ̓́νδρε	tṑ ándre	τοὺς ᾰ̓́νδρᾰς	toùs ándras	#	Third declension of ὁ ᾰ̓νήρ; τοῦ ᾰ̓νδρός (Attic)	
man	vocative	ᾰ̓́νερ	áner	ᾰ̓́νδρε	ándre	ᾰ̓́νδρες	ándres	#	Third declension of ὁ ᾰ̓νήρ; τοῦ ᾰ̓νδρός (Attic)	
money	nominative	τὸ κέρμᾰ	tò kérma	τὼ κέρμᾰτε	tṑ kérmate	τᾰ̀ κέρμᾰτᾰ	tà kérmata	#	Third declension of τὸ κέρμᾰ; τοῦ κέρμᾰτος (Attic)	
money	genitive	τοῦ κέρμᾰτος	toû kérmatos	τοῖν κερμᾰ́τοιν	toîn kermátoin	τῶν κερμᾰ́των	tôn kermátōn	#	Third declension of τὸ κέρμᾰ; τοῦ κέρμᾰτος (Attic)	
money	dative	τῷ κέρμᾰτῐ	tôi kérmati	τοῖν κερμᾰ́τοιν	toîn kermátoin	τοῖς κέρμᾰσῐ / κέρμᾰσῐν	toîs kérmasi(n)	#	Third declension of τὸ κέρμᾰ; τοῦ κέρμᾰτος (Attic)	
money	accusative	τὸ κέρμᾰ	tò kérma	τὼ κέρμᾰτε	tṑ kérmate	τᾰ̀ κέρμᾰτᾰ	tà kérmata	#	Third declension of τὸ κέρμᾰ; τοῦ κέρμᾰτος (Attic)	
money	vocative	κέρμᾰ	kérma	κέρμᾰτε	kérmate	κέρμᾰτᾰ	kérmata	#	Third declension of τὸ κέρμᾰ; τοῦ κέρμᾰτος (Attic)	
monster	nominative	τὸ τέρᾰς	tò téras	τὼ τέρᾰτε	tṑ térate	τᾰ̀ τέρᾰτᾰ / τεράᾰτᾰ	tà térata / teráata	#	Third declension of τὸ τέρᾰς; τοῦ τέρᾰτος (Attic)	
monster	genitive	τοῦ τέρᾰτος	toû tératos	τοῖν τερᾰ́τοιν	toîn terátoin	τῶν τερᾰ́των	tôn terátōn	#	Third declension of τὸ τέρᾰς; τοῦ τέρᾰτος (Attic)	
monster	dative	τῷ τέρᾰτῐ	tôi térati	τοῖν τερᾰ́τοιν	toîn terátoin	τοῖς τέρᾰσῐ / τέρᾰσῐν	toîs térasi(n)	#	Third declension of τὸ τέρᾰς; τοῦ τέρᾰτος (Attic)	
monster	accusative	τὸ τέρᾰς	tò téras	τὼ τέρᾰτε	tṑ térate	τᾰ̀ τέρᾰτᾰ / τεράᾰτᾰ	tà térata / teráata	#	Third declension of τὸ τέρᾰς; τοῦ τέρᾰτος (Attic)	
monster	vocative	τέρᾰς	téras	τέρᾰτε	térate	τέρᾰτᾰ / τεράᾰτᾰ	térata / teráata	#	Third declension of τὸ τέρᾰς; τοῦ τέρᾰτος (Attic)	
name	nominative	τὸ ὄνομᾰ	tò ónoma	τὼ ὀνόμᾰτε	tṑ onómate	τᾰ̀ ὀνόμᾰτᾰ	tà onómata	#	Third declension of τὸ ὄνομᾰ; τοῦ ὀνόμᾰτος (Attic)	
name	genitive	τοῦ ὀνόμᾰτος	toû onómatos	τοῖν ὀνομᾰ́τοιν	toîn onomátoin	τῶν ὀνομᾰ́των	tôn onomátōn	#	Third declension of τὸ ὄνομᾰ; τοῦ ὀνόμᾰτος (Attic)	
name	dative	τῷ ὀνόμᾰτῐ	tôi onómati	τοῖν ὀνομᾰ́τοιν	toîn onomátoin	τοῖς ὀνόμᾰσῐ / ὀνόμᾰσῐν	toîs onómasi(n)	#	Third declension of τὸ ὄνομᾰ; τοῦ ὀνόμᾰτος (Attic)	
name	accusative	τὸ ὄνομᾰ	tò ónoma	τὼ ὀνόμᾰτε	tṑ onómate	τᾰ̀ ὀνόμᾰτᾰ	tà onómata	#	Third declension of τὸ ὄνομᾰ; τοῦ ὀνόμᾰτος (Attic)	
name	vocative	ὄνομᾰ	ónoma	ὀνόμᾰτε	onómate	ὀνόμᾰτᾰ	onómata	#	Third declension of τὸ ὄνομᾰ; τοῦ ὀνόμᾰτος (Attic)	
rock	nominative	ὁ, ἡ λῐ́θος	ho, hē líthos	τὼ λῐ́θω	tṑ líthō	οἱ, αἱ λῐ́θοι	hoi, hai líthoi	#	Second declension of ὁ, ἡ λῐ́θος; τοῦ, τῆς λῐ́θου (Attic)	
rock	genitive	τοῦ, τῆς λῐ́θου	toû, tês líthou	τοῖν λῐ́θοιν	toîn líthoin	τῶν λῐ́θων	tôn líthōn	#	Second declension of ὁ, ἡ λῐ́θος; τοῦ, τῆς λῐ́θου (Attic)	
rock	dative	τῷ, τῇ λῐ́θῳ	tôi, têi líthōi	τοῖν λῐ́θοιν	toîn líthoin	τοῖς, ταῖς λῐ́θοις	toîs, taîs líthois	#	Second declension of ὁ, ἡ λῐ́θος; τοῦ, τῆς λῐ́θου (Attic)	
rock	accusative	τὸν, τὴν λῐ́θον	tòn, tḕn líthon	τὼ λῐ́θω	tṑ líthō	τοὺς, τᾱ̀ς λῐ́θους	toùs, tā̀s líthous	#	Second declension of ὁ, ἡ λῐ́θος; τοῦ, τῆς λῐ́θου (Attic)	
rock	vocative	λῐ́θε	líthe	λῐ́θω	líthō	λῐ́θοι	líthoi	#	Second declension of ὁ, ἡ λῐ́θος; τοῦ, τῆς λῐ́θου (Attic)	
rope	nominative	ἡ σειρᾱ́	hē seirā́	τὼ σειρᾱ́	tṑ seirā́	αἱ σειραί	hai seiraí	#	First declension of ἡ σειρᾱ́; τῆς σειρᾶς (Attic)	
rope	genitive	τῆς σειρᾶς	tês seirâs	τοῖν σειραῖν	toîn seiraîn	τῶν σειρῶν	tôn seirôn	#	First declension of ἡ σειρᾱ́; τῆς σειρᾶς (Attic)	
rope	dative	τῇ σειρᾷ	têi seirâi	τοῖν σειραῖν	toîn seiraîn	ταῖς σειραῖς	taîs seiraîs	#	First declension of ἡ σειρᾱ́; τῆς σειρᾶς (Attic)	
rope	accusative	τὴν σειρᾱ́ν	tḕn seirā́n	τὼ σειρᾱ́	tṑ seirā́	τᾱ̀ς σειρᾱ́ς	tā̀s seirā́s	#	First declension of ἡ σειρᾱ́; τῆς σειρᾶς (Attic)	
rope	vocative	σειρᾱ́	seirā́	σειρᾱ́	seirā́	σειραί	seiraí	#	First declension of ἡ σειρᾱ́; τῆς σειρᾶς (Attic)	
size	nominative	τὸ μέγεθος	tò mégethos	τὼ μεγέθει	tṑ megéthei	τᾰ̀ μεγέθη	tà megéthē	#	Third declension of τὸ μέγεθος; τοῦ μεγέθους (Attic)	
size	genitive	τοῦ μεγέθους	toû megéthous	τοῖν μεγεθοῖν	toîn megethoîn	τῶν μεγεθῶν	tôn megethôn	#	Third declension of τὸ μέγεθος; τοῦ μεγέθους (Attic)	
size	dative	τῷ μεγέθει	tôi megéthei	τοῖν μεγεθοῖν	toîn megethoîn	τοῖς μεγέθεσῐ / μεγέθεσῐν	toîs megéthesi(n)	#	Third declension of τὸ μέγεθος; τοῦ μεγέθους (Attic)	
size	accusative	τὸ μέγεθος	tò mégethos	τὼ μεγέθει	tṑ megéthei	τᾰ̀ μεγέθη	tà megéthē	#	Third declension of τὸ μέγεθος; τοῦ μεγέθους (Attic)	
size	vocative	μέγεθος	mégethos	μεγέθει	megéthei	μεγέθη	megéthē	#	Third declension of τὸ μέγεθος; τοῦ μεγέθους (Attic)	
sister	nominative	ἡ ἀδελφή	hē adelphḗ	τὼ ἀδελφᾱ́	tṑ adelphā́	αἱ ἀδελφαί	hai adelphaí	#	First declension of ἡ ἀδελφή; τῆς ἀδελφῆς (Attic)	
sister	genitive	τῆς ἀδελφῆς	tês adelphês	τοῖν ἀδελφαῖν	toîn adelphaîn	τῶν ἀδελφῶν	tôn adelphôn	#	First declension of ἡ ἀδελφή; τῆς ἀδελφῆς (Attic)	
sister	dative	τῇ ἀδελφῇ	têi adelphêi	τοῖν ἀδελφαῖν	toîn adelphaîn	ταῖς ἀδελφαῖς	taîs adelphaîs	#	First declension of ἡ ἀδελφή; τῆς ἀδελφῆς (Attic)	
sister	accusative	τὴν ἀδελφήν	tḕn adelphḗn	τὼ ἀδελφᾱ́	tṑ adelphā́	τᾱ̀ς ἀδελφᾱ́ς	tā̀s adelphā́s	#	First declension of ἡ ἀδελφή; τῆς ἀδελφῆς (Attic)	
sister	vocative	ἀδελφή	adelphḗ	ἀδελφᾱ́	adelphā́	ἀδελφαί	adelphaí	#	First declension of ἡ ἀδελφή; τῆς ἀδελφῆς (Attic)	
son	nominative	ὁ υἱός	ho huiós	τὼ υἱώ	tṑ huiṓ	οἱ υἱοί	hoi huioí	#	Second declension of ὁ υἱός; τοῦ υἱοῦ (Attic)	
son	genitive	τοῦ υἱοῦ	toû huioû	τοῖν υἱοῖν	toîn huioîn	τῶν υἱῶν	tôn huiôn	#	Second declension of ὁ υἱός; τοῦ υἱοῦ (Attic)	
son	dative	τῷ υἱῷ	tôi huiôi	τοῖν υἱοῖν	toîn huioîn	τοῖς υἱοῖς	toîs huioîs	#	Second declension of ὁ υἱός; τοῦ υἱοῦ (Attic)	
son	accusative	τὸν υἱόν	tòn huión	τὼ υἱώ	tṑ huiṓ	τοὺς υἱούς	toùs huioús	#	Second declension of ὁ υἱός; τοῦ υἱοῦ (Attic)	
son	vocative	υἱέ	huié	υἱώ	huiṓ	υἱοί	huioí	#	Second declension of ὁ υἱός; τοῦ υἱοῦ (Attic)	
sound	nominative	ὁ ἦχος	ho êkhos	τὼ ἤχω	tṑ ḗkhō	οἱ ἦχοι	hoi êkhoi	#	Second declension of ὁ ἦχος; τοῦ ἤχου (Attic)	
sound	genitive	τοῦ ἤχου	toû ḗkhou	τοῖν ἤχοιν	toîn ḗkhoin	τῶν ἤχων	tôn ḗkhōn	#	Second declension of ὁ ἦχος; τοῦ ἤχου (Attic)	
sound	dative	τῷ ἤχῳ	tôi ḗkhōi	τοῖν ἤχοιν	toîn ḗkhoin	τοῖς ἤχοις	toîs ḗkhois	#	Second declension of ὁ ἦχος; τοῦ ἤχου (Attic)	
sound	accusative	τὸν ἦχον	tòn êkhon	τὼ ἤχω	tṑ ḗkhō	τοὺς ἤχους	toùs ḗkhous	#	Second declension of ὁ ἦχος; τοῦ ἤχου (Attic)	
sound	vocative	ἦχε	êkhe	ἤχω	ḗkhō	ἦχοι	êkhoi	#	Second declension of ὁ ἦχος; τοῦ ἤχου (Attic)	
warmth	nominative	ἡ θέρμη	hē thérmē	τὼ θέρμᾱ	tṑ thérmā	αἱ θέρμαι	hai thérmai	#	First declension of ἡ θέρμη; τῆς θέρμης (Attic)	
warmth	genitive	τῆς θέρμης	tês thérmēs	τοῖν θέρμαιν	toîn thérmain	τῶν θερμῶν	tôn thermôn	#	First declension of ἡ θέρμη; τῆς θέρμης (Attic)	
warmth	dative	τῇ θέρμῃ	têi thérmēi	τοῖν θέρμαιν	toîn thérmain	ταῖς θέρμαις	taîs thérmais	#	First declension of ἡ θέρμη; τῆς θέρμης (Attic)	
warmth	accusative	τὴν θέρμην	tḕn thérmēn	τὼ θέρμᾱ	tṑ thérmā	τᾱ̀ς θέρμᾱς	tā̀s thérmās	#	First declension of ἡ θέρμη; τῆς θέρμης (Attic)	
warmth	vocative	θέρμη	thérmē	θέρμᾱ	thérmā	θέρμαι	thérmai	#	First declension of ἡ θέρμη; τῆς θέρμης (Attic)	
water	nominative	τὸ ῠ̔́δωρ	tò húdōr	τὼ ῠ̔́δᾰτε	tṑ húdate	τᾰ̀ ῠ̔́δᾰτᾰ	tà húdata	#	Third declension of τὸ ῠ̔́δωρ; τοῦ ῠ̔́δᾰτος (Attic)	
water	genitive	τοῦ ῠ̔́δᾰτος	toû húdatos	τοῖν ῠ̔δᾰ́τοιν	toîn hudátoin	τῶν ῠ̔δᾰ́των	tôn hudátōn	#	Third declension of τὸ ῠ̔́δωρ; τοῦ ῠ̔́δᾰτος (Attic)	
water	dative	τῷ ῠ̔́δᾰτῐ	tôi húdati	τοῖν ῠ̔δᾰ́τοιν	toîn hudátoin	τοῖς ῠ̔́δᾰσῐ / ῠ̔́δᾰσῐν	toîs húdasi(n)	#	Third declension of τὸ ῠ̔́δωρ; τοῦ ῠ̔́δᾰτος (Attic)	
water	accusative	τὸ ῠ̔́δωρ	tò húdōr	τὼ ῠ̔́δᾰτε	tṑ húdate	τᾰ̀ ῠ̔́δᾰτᾰ	tà húdata	#	Third declension of τὸ ῠ̔́δωρ; τοῦ ῠ̔́δᾰτος (Attic)	
water	vocative	ῠ̔́δωρ	húdōr	ῠ̔́δᾰτε	húdate	ῠ̔́δᾰτᾰ	húdata	#	Third declension of τὸ ῠ̔́δωρ; τοῦ ῠ̔́δᾰτος (Attic)	
way	nominative	ἡ κέλευθος	hē kéleuthos	τὼ κελεύθω	tṑ keleúthō	αἱ κέλευθοι	hai kéleuthoi	#	Second declension of ἡ κέλευθος; τῆς κελεύθου (Attic)	
way	genitive	τῆς κελεύθου	tês keleúthou	τοῖν κελεύθοιν	toîn keleúthoin	τῶν κελεύθων	tôn keleúthōn	#	Second declension of ἡ κέλευθος; τῆς κελεύθου (Attic)	
way	dative	τῇ κελεύθῳ	têi keleúthōi	τοῖν κελεύθοιν	toîn keleúthoin	ταῖς κελεύθοις	taîs keleúthois	#	Second declension of ἡ κέλευθος; τῆς κελεύθου (Attic)	
way	accusative	τὴν κέλευθον	tḕn kéleuthon	τὼ κελεύθω	tṑ keleúthō	τᾱ̀ς κελεύθους	tā̀s keleúthous	#	Second declension of ἡ κέλευθος; τῆς κελεύθου (Attic)	
way	vocative	κέλευθε	kéleuthe	κελεύθω	keleúthō	κέλευθοι	kéleuthoi	#	Second declension of ἡ κέλευθος; τῆς κελεύθου (Attic)	
wind	nominative	ὁ ᾰ̓́νεμος	ho ánemos	τὼ ᾰ̓νέμω	tṑ anémō	οἱ ᾰ̓́νεμοι	hoi ánemoi	#	Second declension of ὁ ᾰ̓́νεμος; τοῦ ᾰ̓νέμου (Attic)	
wind	genitive	τοῦ ᾰ̓νέμου	toû anémou	τοῖν ᾰ̓νέμοιν	toîn anémoin	τῶν ᾰ̓νέμων	tôn anémōn	#	Second declension of ὁ ᾰ̓́νεμος; τοῦ ᾰ̓νέμου (Attic)	
wind	dative	τῷ ᾰ̓νέμῳ	tôi anémōi	τοῖν ᾰ̓νέμοιν	toîn anémoin	τοῖς ᾰ̓νέμοις	toîs anémois	#	Second declension of ὁ ᾰ̓́νεμος; τοῦ ᾰ̓νέμου (Attic)	
wind	accusative	τὸν ᾰ̓́νεμον	tòn ánemon	τὼ ᾰ̓νέμω	tṑ anémō	τοὺς ᾰ̓νέμους	toùs anémous	#	Second declension of ὁ ᾰ̓́νεμος; τοῦ ᾰ̓νέμου (Attic)	
wind	vocative	ᾰ̓́νεμε	áneme	ᾰ̓νέμω	anémō	ᾰ̓́νεμοι	ánemoi	#	Second declension of ὁ ᾰ̓́νεμος; τοῦ ᾰ̓νέμου (Attic)	
window	nominative	ἡ θῠρῐ́ς	hē thurís	τὼ θῠρῐ́δε	tṑ thuríde	αἱ θῠρῐ́δες	hai thurídes	#	Third declension of ἡ θῠρῐ́ς; τῆς θῠρῐ́δος (Attic)	
window	genitive	τῆς θῠρῐ́δος	tês thurídos	τοῖν θῠρῐ́δοιν	toîn thurídoin	τῶν θῠρῐ́δων	tôn thurídōn	#	Third declension of ἡ θῠρῐ́ς; τῆς θῠρῐ́δος (Attic)	
window	dative	τῇ θῠρῐ́δῐ	têi thurídi	τοῖν θῠρῐ́δοιν	toîn thurídoin	ταῖς θῠρῐ́σῐ / θῠρῐ́σῐν	taîs thurísi(n)	#	Third declension of ἡ θῠρῐ́ς; τῆς θῠρῐ́δος (Attic)	
window	accusative	τὴν θῠρῐ́δᾰ	tḕn thurída	τὼ θῠρῐ́δε	tṑ thuríde	τᾱ̀ς θῠρῐ́δᾰς	tā̀s thurídas	#	Third declension of ἡ θῠρῐ́ς; τῆς θῠρῐ́δος (Attic)	
window	vocative	θῠρῐ́ς	thurís	θῠρῐ́δε	thuríde	θῠρῐ́δες	thurídes	#	Third declension of ἡ θῠρῐ́ς; τῆς θῠρῐ́δος (Attic)	
woman	nominative	ἡ γῠνή	hē gunḗ	τὼ γῠναῖκε	tṑ gunaîke	αἱ γῠναῖκες	hai gunaîkes	#	Irregular declension of ἡ γῠνή; τῆς γῠναικός (Attic)	
woman	genitive	τῆς γῠναικός	tês gunaikós	τοῖν γῠναικοῖν	toîn gunaikoîn	τῶν γῠναικῶν	tôn gunaikôn	#	Irregular declension of ἡ γῠνή; τῆς γῠναικός (Attic)	
woman	dative	τῇ γῠναικί	têi gunaikí	τοῖν γῠναικοῖν	toîn gunaikoîn	ταῖς γῠναιξί / γῠναιξίν	taîs gunaixí(n)	#	Irregular declension of ἡ γῠνή; τῆς γῠναικός (Attic)	
woman	accusative	τὴν γῠναῖκᾰ	tḕn gunaîka	τὼ γῠναῖκε	tṑ gunaîke	τᾱ̀ς γῠναῖκᾰς	tā̀s gunaîkas	#	Irregular declension of ἡ γῠνή; τῆς γῠναικός (Attic)	
woman	vocative	γύναι	gúnai	γῠναῖκε	gunaîke	γῠναῖκες	gunaîkes	#	Irregular declension of ἡ γῠνή; τῆς γῠναικός (Attic)	
work	nominative	τὸ ἔργον	tò érgon	τὼ ἔργω	tṑ érgō	τᾰ̀ ἔργᾰ	tà érga	#	Second declension of τὸ ἔργον; τοῦ ἔργου (Attic)	
work	genitive	τοῦ ἔργου	toû érgou	τοῖν ἔργοιν	toîn érgoin	τῶν ἔργων	tôn érgōn	#	Second declension of τὸ ἔργον; τοῦ ἔργου (Attic)	
work	dative	τῷ ἔργῳ	tôi érgōi	τοῖν ἔργοιν	toîn érgoin	τοῖς ἔργοις	toîs érgois	#	Second declension of τὸ ἔργον; τοῦ ἔργου (Attic)	
work	accusative	τὸ ἔργον	tò érgon	τὼ ἔργω	tṑ érgō	τᾰ̀ ἔργᾰ	tà érga	#	Second declension of τὸ ἔργον; τοῦ ἔργου (Attic)	
work	vocative	ἔργον	érgon	ἔργω	érgō	ἔργᾰ	érga	#	Second declension of τὸ ἔργον; τοῦ ἔργου (Attic)	
young-man	nominative	ὁ νεᾱνῐ́ᾱς	ho neāníās	τὼ νεᾱνῐ́ᾱ	tṑ neāníā	οἱ νεᾱνῐ́αι	hoi neāníai	#	First declension of ὁ νεᾱνῐ́ᾱς; τοῦ νεᾱνῐ́ου (Attic)	
young-man	genitive	τοῦ νεᾱνῐ́ου	toû neāníou	τοῖν νεᾱνῐ́αιν	toîn neāníain	τῶν νεᾱνῐῶν	tôn neāniôn	#	First declension of ὁ νεᾱνῐ́ᾱς; τοῦ νεᾱνῐ́ου (Attic)	
young-man	dative	τῷ νεᾱνῐ́ᾳ	tôi neāníāi	τοῖν νεᾱνῐ́αιν	toîn neāníain	τοῖς νεᾱνῐ́αις	toîs neāníais	#	First declension of ὁ νεᾱνῐ́ᾱς; τοῦ νεᾱνῐ́ου (Attic)	
young-man	accusative	τὸν νεᾱνῐ́ᾱν	tòn neāníān	τὼ νεᾱνῐ́ᾱ	tṑ neāníā	τοὺς νεᾱνῐ́ᾱς	toùs neāníās	#	First declension of ὁ νεᾱνῐ́ᾱς; τοῦ νεᾱνῐ́ου (Attic)	
young-man	vocative	νεᾱνῐ́ᾱ	neāníā	νεᾱνῐ́ᾱ	neāníā	νεᾱνῐ́αι	neāníai	#	First declension of ὁ νεᾱνῐ́ᾱς; τοῦ νεᾱνῐ́ου (Attic)	
soldier	nominative	ὁ στρᾰτῐώτης	ho stratiṓtēs	τὼ στρᾰτῐώτᾱ	tṑ stratiṓtā	οἱ στρᾰτῐῶται	hoi stratiôtai	#	First declension of ὁ στρᾰτῐώτης; τοῦ στρᾰτῐώτου (Attic)	
soldier	genitive	τοῦ στρᾰτῐώτου	toû stratiṓtou	τοῖν στρᾰτῐώταιν	toîn stratiṓtain	τῶν στρᾰτῐωτῶν	tôn stratiōtôn	#	First declension of ὁ στρᾰτῐώτης; τοῦ στρᾰτῐώτου (Attic)	
soldier	dative	τῷ στρᾰτῐώτῃ	tôi stratiṓtēi	τοῖν στρᾰτῐώταιν	toîn stratiṓtain	τοῖς στρᾰτῐώταις	toîs stratiṓtais	#	First declension of ὁ στρᾰτῐώτης; τοῦ στρᾰτῐώτου (Attic)	
soldier	accusative	τὸν στρᾰτῐώτην	tòn stratiṓtēn	τὼ στρᾰτῐώτᾱ	tṑ stratiṓtā	τοὺς στρᾰτῐώτᾱς	toùs stratiṓtās	#	First declension of ὁ στρᾰτῐώτης; τοῦ στρᾰτῐώτου (Attic)	
soldier	vocative	στρᾰτῐῶτᾰ	stratiôta	στρᾰτῐώτᾱ	stratiṓtā	στρᾰτῐῶται	stratiôtai	#	First declension of ὁ στρᾰτῐώτης; τοῦ στρᾰτῐώτου (Attic)	
polity	nominative	ἡ πολῑτείᾱ	hē polīteíā	τὼ πολῑτείᾱ	tṑ polīteíā	αἱ πολῑτεῖαι	hai polīteîai	#	First declension of ἡ πολῑτείᾱ; τῆς πολῑτείᾱς (Attic)	
polity	genitive	τῆς πολῑτείᾱς	tês polīteíās	τοῖν πολῑτείαιν	toîn polīteíain	τῶν πολῑτειῶν	tôn polīteiôn	#	First declension of ἡ πολῑτείᾱ; τῆς πολῑτείᾱς (Attic)	
polity	dative	τῇ πολῑτείᾳ	têi polīteíāi	τοῖν πολῑτείαιν	toîn polīteíain	ταῖς πολῑτείαις	taîs polīteíais	#	First declension of ἡ πολῑτείᾱ; τῆς πολῑτείᾱς (Attic)	
polity	accusative	τὴν πολῑτείᾱν	tḕn polīteíān	τὼ πολῑτείᾱ	tṑ polīteíā	τᾱ̀ς πολῑτείᾱς	tā̀s polīteíās	#	First declension of ἡ πολῑτείᾱ; τῆς πολῑτείᾱς (Attic)	
polity	vocative	πολῑτείᾱ	polīteíā	πολῑτείᾱ	polīteíā	πολῑτεῖαι	polīteîai	#	First declension of ἡ πολῑτείᾱ; τῆς πολῑτείᾱς (Attic)	
village	nominative	ἡ κώμη	hē kṓmē	τὼ κώμᾱ	tṑ kṓmā	αἱ κῶμαι	hai kômai	#	First declension of ἡ κώμη; τῆς κώμης (Attic)	
village	genitive	τῆς κώμης	tês kṓmēs	τοῖν κώμαιν	toîn kṓmain	τῶν κωμῶν	tôn kōmôn	#	First declension of ἡ κώμη; τῆς κώμης (Attic)	
village	dative	τῇ κώμῃ	têi kṓmēi	τοῖν κώμαιν	toîn kṓmain	ταῖς κώμαις	taîs kṓmais	#	First declension of ἡ κώμη; τῆς κώμης (Attic)	
village	accusative	τὴν κώμην	tḕn kṓmēn	τὼ κώμᾱ	tṑ kṓmā	τᾱ̀ς κώμᾱς	tā̀s kṓmās	#	First declension of ἡ κώμη; τῆς κώμης (Attic)	
village	vocative	κώμη	kṓmē	κώμᾱ	kṓmā	κῶμαι	kômai	#	First declension of ἡ κώμη; τῆς κώμης (Attic)	
person	nominative	ὁ, ἡ ἄνθρωπος	ho, hē ánthrōpos	τὼ ἀνθρώπω	tṑ anthrṓpō	οἱ, αἱ ἄνθρωποι	hoi, hai ánthrōpoi	#	Second declension of ὁ, ἡ ἄνθρωπος; τοῦ, τῆς ἀνθρώπου (Attic)	
person	genitive	τοῦ, τῆς ἀνθρώπου	toû, tês anthrṓpou	τοῖν ἀνθρώποιν	toîn anthrṓpoin	τῶν ἀνθρώπων	tôn anthrṓpōn	#	Second declension of ὁ, ἡ ἄνθρωπος; τοῦ, τῆς ἀνθρώπου (Attic)	
person	dative	τῷ, τῇ ἀνθρώπῳ	tôi, têi anthrṓpōi	τοῖν ἀνθρώποιν	toîn anthrṓpoin	τοῖς, ταῖς ἀνθρώποις	toîs, taîs anthrṓpois	#	Second declension of ὁ, ἡ ἄνθρωπος; τοῦ, τῆς ἀνθρώπου (Attic)	
person	accusative	τὸν, τὴν ἄνθρωπον	tòn, tḕn ánthrōpon	τὼ ἀνθρώπω	tṑ anthrṓpō	τοὺς, τᾱ̀ς ἀνθρώπους	toùs, tā̀s anthrṓpous	#	Second declension of ὁ, ἡ ἄνθρωπος; τοῦ, τῆς ἀνθρώπου (Attic)	
person	vocative	ἄνθρωπε	ánthrōpe	ἀνθρώπω	anthrṓpō	ἄνθρωποι	ánthrōpoi	#	Second declension of ὁ, ἡ ἄνθρωπος; τοῦ, τῆς ἀνθρώπου (Attic)	
street	nominative	ἡ ὁδός	hē hodós	τὼ ὁδώ	tṑ hodṓ	αἱ ὁδοί	hai hodoí	#	Second declension of ἡ ὁδός; τῆς ὁδοῦ (Attic)	
street	genitive	τῆς ὁδοῦ	tês hodoû	τοῖν ὁδοῖν	toîn hodoîn	τῶν ὁδῶν	tôn hodôn	#	Second declension of ἡ ὁδός; τῆς ὁδοῦ (Attic)	
street	dative	τῇ ὁδῷ	têi hodôi	τοῖν ὁδοῖν	toîn hodoîn	ταῖς ὁδοῖς	taîs hodoîs	#	Second declension of ἡ ὁδός; τῆς ὁδοῦ (Attic)	
street	accusative	τὴν ὁδόν	tḕn hodón	τὼ ὁδώ	tṑ hodṓ	τᾱ̀ς ὁδούς	tā̀s hodoús	#	Second declension of ἡ ὁδός; τῆς ὁδοῦ (Attic)	
street	vocative	ὁδέ	hodé	ὁδώ	hodṓ	ὁδοί	hodoí	#	Second declension of ἡ ὁδός; τῆς ὁδοῦ (Attic)	
circumnavigation	nominative	ὁ περίπλους		τὼ περίπλω		οἱ περίπλοι		#	ὁ περίπλους, τοῦ περίπλου - 2nd Declension, contracted (of περίπλοος)	
circumnavigation	genitive	τοῦ περίπλου		τοῖν περίπλοιν		τῶν περίπλων		#	ὁ περίπλους, τοῦ περίπλου - 2nd Declension, contracted (of περίπλοος)	
circumnavigation	dative	τῷ περίπλῳ		τοῖν περίπλοιν		τοῖς περίπλοις		#	ὁ περίπλους, τοῦ περίπλου - 2nd Declension, contracted (of περίπλοος)	
circumnavigation	accusative	τὸν περίπλουν		τὼ περίπλω		τοὺς περίπλους		#	ὁ περίπλους, τοῦ περίπλου - 2nd Declension, contracted (of περίπλοος)	
circumnavigation	vocative	περίπλου		περίπλω		περίπλοι		#	ὁ περίπλους, τοῦ περίπλου - 2nd Declension, contracted (of περίπλοος)	
bone	nominative	τὸ ὀστοῦν	tò ostoûn	τὼ ὀστώ	tṑ ostṓ	τᾰ̀ ὀστᾶ	tà ostâ	#	Second declension of τὸ ὀστοῦν; τοῦ ὀστοῦ (Attic)	
bone	genitive	τοῦ ὀστοῦ	toû ostoû	τοῖν ὀστοῖν	toîn ostoîn	τῶν ὀστῶν	tôn ostôn	#	Second declension of τὸ ὀστοῦν; τοῦ ὀστοῦ (Attic)	
bone	dative	τῷ ὀστῷ	tôi ostôi	τοῖν ὀστοῖν	toîn ostoîn	τοῖς ὀστοῖς	toîs ostoîs	#	Second declension of τὸ ὀστοῦν; τοῦ ὀστοῦ (Attic)	
bone	accusative	τὸ ὀστοῦν	tò ostoûn	τὼ ὀστώ	tṑ ostṓ	τᾰ̀ ὀστᾶ	tà ostâ	#	Second declension of τὸ ὀστοῦν; τοῦ ὀστοῦ (Attic)	
bone	vocative	ὀστοῦν	ostoûn	ὀστώ	ostṓ	ὀστᾶ	ostâ	#	Second declension of τὸ ὀστοῦν; τοῦ ὀστοῦ (Attic)	
hero	nominative	ὁ ἥρως	ho hḗrōs	τὼ ἥρωε	tṑ hḗrōe	οἱ ἥρωες	hoi hḗrōes	#	Third declension of ὁ ἥρως; τοῦ ἥρωος (Attic)	
hero	genitive	τοῦ ἥρωος	toû hḗrōos	τοῖν ἡρώοιν	toîn hērṓoin	τῶν ἡρώων	tôn hērṓōn	#	Third declension of ὁ ἥρως; τοῦ ἥρωος (Attic)	
hero	dative	τῷ ἥρῳ / ἥρωῐ̈	tôi hḗrōi / hḗrōï	τοῖν ἡρώοιν	toîn hērṓoin	τοῖς ἥρωσῐ / ἥρωσῐν	toîs hḗrōsi(n)	#	Third declension of ὁ ἥρως; τοῦ ἥρωος (Attic)	
hero	accusative	τὸν ἥρω / ἥρωᾰ	tòn hḗrō / hḗrōa	τὼ ἥρωε	tṑ hḗrōe	τοὺς ἥρωᾰς	toùs hḗrōas	#	Third declension of ὁ ἥρως; τοῦ ἥρωος (Attic)	
hero	vocative	ἥρως	hḗrōs	ἥρωε	hḗrōe	ἥρωες	hḗrōes	#	Third declension of ὁ ἥρως; τοῦ ἥρωος (Attic)	
fish	nominative	ὁ ἰχθῡ́ς	ho ikhthū́s	τὼ ἰχθῠ́ε	tṑ ikhthúe	οἱ ἰχθῠ́ες	hoi ikhthúes	#	Third declension of ὁ ἰχθῡ́ς; τοῦ ἰχθῠ́ος (Attic)	
fish	genitive	τοῦ ἰχθῠ́ος	toû ikhthúos	τοῖν ἰχθῠ́οιν	toîn ikhthúoin	τῶν ἰχθῠ́ων	tôn ikhthúōn	#	Third declension of ὁ ἰχθῡ́ς; τοῦ ἰχθῠ́ος (Attic)	
fish	dative	τῷ ἰχθῠ́ῐ̈	tôi ikhthúï	τοῖν ἰχθῠ́οιν	toîn ikhthúoin	τοῖς ἰχθῠ́σῐ / ἰχθῠ́σῐν	toîs ikhthúsi(n)	#	Third declension of ὁ ἰχθῡ́ς; τοῦ ἰχθῠ́ος (Attic)	
fish	accusative	τὸν ἰχθῡ́ν / ἰχθῠ́ᾰ	tòn ikhthū́n / ikhthúa	τὼ ἰχθῠ́ε	tṑ ikhthúe	τοὺς ἰχθῦς / ἰχθῠ́ᾰς	toùs ikhthûs / ikhthúas	#	Third declension of ὁ ἰχθῡ́ς; τοῦ ἰχθῠ́ος (Attic)	
fish	vocative	ἰχθῡ́	ikhthū́	ἰχθῠ́ε	ikhthúe	ἰχθῠ́ες	ikhthúes	#	Third declension of ὁ ἰχθῡ́ς; τοῦ ἰχθῠ́ος (Attic)	
oak	nominative	ἡ δρῦς	hē drûs	τὼ δρῠ́ε	tṑ drúe	αἱ δρῠ́ες	hai drúes	#	Irregular declension of ἡ δρῦς; τῆς δρῠός (Attic)	
oak	genitive	τῆς δρῠός	tês druós	τοῖν δρῠοῖν	toîn druoîn	τῶν δρῠῶν	tôn druôn	#	Irregular declension of ἡ δρῦς; τῆς δρῠός (Attic)	
oak	dative	τῇ δρῠῐ̈́	têi druḯ	τοῖν δρῠοῖν	toîn druoîn	ταῖς δρῠσῐ́ / δρῠσῐ́ν	taîs drusí(n)	#	Irregular declension of ἡ δρῦς; τῆς δρῠός (Attic)	
oak	accusative	τὴν δρῦν	tḕn drûn	τὼ δρῠ́ε	tṑ drúe	τᾱ̀ς δρῦς / δρῠ́ᾰς	tā̀s drûs / drúas	#	Irregular declension of ἡ δρῦς; τῆς δρῠός (Attic)	
oak	vocative	δρῦ	drû	δρῠ́ε	drúe	δρῠ́ες	drúes	#	Irregular declension of ἡ δρῦς; τῆς δρῠός (Attic)	
city	nominative	ἡ πόλῐς	hē pólis	τὼ πόλει	tṑ pólei	αἱ πόλεις	hai póleis	#	Third declension of ἡ πόλῐς; τῆς πόλεως (Attic)	
city	genitive	τῆς πόλεως	tês póleōs	τοῖν πολέοιν	toîn poléoin	τῶν πόλεων	tôn póleōn	#	Third declension of ἡ πόλῐς; τῆς πόλεως (Attic)	
city	dative	τῇ πόλει	têi pólei	τοῖν πολέοιν	toîn poléoin	ταῖς πόλεσῐ / πόλεσῐν	taîs pólesi(n)	#	Third declension of ἡ πόλῐς; τῆς πόλεως (Attic)	
city	accusative	τὴν πόλῐν	tḕn pólin	τὼ πόλει	tṑ pólei	τᾱ̀ς πόλεις	tā̀s póleis	#	Third declension of ἡ πόλῐς; τῆς πόλεως (Attic)	
city	vocative	πόλῐ	póli	πόλει	pólei	πόλεις	póleis	#	Third declension of ἡ πόλῐς; τῆς πόλεως (Attic)	
axe	nominative	ὁ πέλεκῠς	ho pélekus	τὼ πελέκει	tṑ pelékei	οἱ πελέκεις	hoi pelékeis	#	Third declension of ὁ πέλεκῠς; τοῦ πελέκεως (Attic)	
axe	genitive	τοῦ πελέκεως	toû pelékeōs	τοῖν πελεκέοιν	toîn pelekéoin	τῶν πελέκεων	tôn pelékeōn	#	Third declension of ὁ πέλεκῠς; τοῦ πελέκεως (Attic)	
axe	dative	τῷ πελέκει	tôi pelékei	τοῖν πελεκέοιν	toîn pelekéoin	τοῖς πελέκεσῐ / πελέκεσῐν	toîs pelékesi(n)	#	Third declension of ὁ πέλεκῠς; τοῦ πελέκεως (Attic)	
axe	accusative	τὸν πέλεκῠν	tòn pélekun	τὼ πελέκει	tṑ pelékei	τοὺς πελέκεις	toùs pelékeis	#	Third declension of ὁ πέλεκῠς; τοῦ πελέκεως (Attic)	
axe	vocative	πέλεκῠ	péleku	πελέκει	pelékei	πελέκεις	pelékeis	#	Third declension of ὁ πέλεκῠς; τοῦ πελέκεως (Attic)	
town	nominative	τὸ ᾰ̓́στῠ	tò ástu	τὼ ᾰ̓́στει	tṑ ástei	τᾰ̀ ᾰ̓́στη / ᾰ̓́στεᾰ	tà ástē / ástea	#	Third declension of τὸ ᾰ̓́στῠ; τοῦ ᾰ̓́στεως (Attic)	
town	genitive	τοῦ ᾰ̓́στεως	toû ásteōs	τοῖν ᾰ̓στέοιν	toîn astéoin	τῶν ᾰ̓́στεων	tôn ásteōn	#	Third declension of τὸ ᾰ̓́στῠ; τοῦ ᾰ̓́στεως (Attic)	
town	dative	τῷ ᾰ̓́στει	tôi ástei	τοῖν ᾰ̓στέοιν	toîn astéoin	τοῖς ᾰ̓́στεσῐ / ᾰ̓́στεσῐν	toîs ástesi(n)	#	Third declension of τὸ ᾰ̓́στῠ; τοῦ ᾰ̓́στεως (Attic)	
town	accusative	τὸ ᾰ̓́στῠ	tò ástu	τὼ ᾰ̓́στει	tṑ ástei	τᾰ̀ ᾰ̓́στη / ᾰ̓́στεᾰ	tà ástē / ástea	#	Third declension of τὸ ᾰ̓́στῠ; τοῦ ᾰ̓́στεως (Attic)	
town	vocative	ᾰ̓́στῠ	ástu	ᾰ̓́στει	ástei	ᾰ̓́στη / ᾰ̓́στεᾰ	ástē / ástea	#	Third declension of τὸ ᾰ̓́στῠ; τοῦ ᾰ̓́στεως (Attic)	
master	nominative	ὁ βᾰσῐλεύς	ho basileús	τὼ βᾰσῐλῆ	tṑ basilê	οἱ βᾰσῐλῆς / βᾰσῐλεῖς	hoi basilês / basileîs	#	Third declension of ὁ βᾰσῐλεύς; τοῦ βᾰσῐλέως (Attic)	
master	genitive	τοῦ βᾰσῐλέως	toû basiléōs	τοῖν βᾰσῐλέοιν	toîn basiléoin	τῶν βᾰσῐλέων	tôn basiléōn	#	Third declension of ὁ βᾰσῐλεύς; τοῦ βᾰσῐλέως (Attic)	
master	dative	τῷ βᾰσῐλεῖ	tôi basileî	τοῖν βᾰσῐλέοιν	toîn basiléoin	τοῖς βᾰσῐλεῦσῐ / βᾰσῐλεῦσῐν	toîs basileûsi(n)	#	Third declension of ὁ βᾰσῐλεύς; τοῦ βᾰσῐλέως (Attic)	
master	accusative	τὸν βᾰσῐλέᾱ	tòn basiléā	τὼ βᾰσῐλῆ	tṑ basilê	τοὺς βᾰσῐλέᾱς	toùs basiléās	#	Third declension of ὁ βᾰσῐλεύς; τοῦ βᾰσῐλέως (Attic)	
master	vocative	βᾰσῐλεῦ	basileû	βᾰσῐλῆ	basilê	βᾰσῐλῆς / βᾰσῐλεῖς	basilês / basileîs	#	Third declension of ὁ βᾰσῐλεύς; τοῦ βᾰσῐλέως (Attic)	
old-woman	nominative	ἡ γραῦς	hē graûs	τὼ γρᾶε	tṑ grâe	αἱ γρᾶες	hai grâes	#	Irregular declension of ἡ γραῦς; τῆς γρᾱός (Attic)	
old-woman	genitive	τῆς γρᾱός	tês grāós	τοῖν γρᾱοῖν	toîn grāoîn	τῶν γρᾱῶν	tôn grāôn	#	Irregular declension of ἡ γραῦς; τῆς γρᾱός (Attic)	
old-woman	dative	τῇ γρᾱΐ	têi grāḯ	τοῖν γρᾱοῖν	toîn grāoîn	ταῖς γραυσῐ́ / γραυσῐ́ν	taîs grausí(n)	#	Irregular declension of ἡ γραῦς; τῆς γρᾱός (Attic)	
old-woman	accusative	τὴν γραῦν	tḕn graûn	τὼ γρᾶε	tṑ grâe	τᾱ̀ς γραῦς	tā̀s graûs	#	Irregular declension of ἡ γραῦς; τῆς γρᾱός (Attic)	
old-woman	vocative	γραῦ	graû	γρᾶε	grâe	γρᾶες	grâes	#	Irregular declension of ἡ γραῦς; τῆς γρᾱός (Attic)	
cow	nominative	ὁ, ἡ βοῦς	ho, hē boûs	τὼ βόε	tṑ bóe	οἱ, αἱ βόες	hoi, hai bóes	#	Irregular declension of ὁ, ἡ βοῦς; τοῦ, τῆς βοός (Attic)	
cow	genitive	τοῦ, τῆς βοός	toû, tês boós	τοῖν βοοῖν	toîn booîn	τῶν βοῶν	tôn boôn	#	Irregular declension of ὁ, ἡ βοῦς; τοῦ, τῆς βοός (Attic)	
cow	dative	τῷ, τῇ βοΐ	tôi, têi boḯ	τοῖν βοοῖν	toîn booîn	τοῖς, ταῖς βουσί / βουσίν	toîs, taîs bousí(n)	#	Irregular declension of ὁ, ἡ βοῦς; τοῦ, τῆς βοός (Attic)	
cow	accusative	τὸν, τὴν βοῦν	tòn, tḕn boûn	τὼ βόε	tṑ bóe	τοὺς, τᾱ̀ς βοῦς	toùs, tā̀s boûs	#	Irregular declension of ὁ, ἡ βοῦς; τοῦ, τῆς βοός (Attic)	
cow	vocative	βοῦ	boû	βόε	bóe	βόες	bóes	#	Irregular declension of ὁ, ἡ βοῦς; τοῦ, τῆς βοός (Attic)	
echo	nominative	ἡ ἠχώ	hē ēkhṓ					#	Third declension of ἡ ἠχώ; τῆς ἠχοῦς (Attic)	
echo	genitive	τῆς ἠχοῦς	tês ēkhoûs					#	Third declension of ἡ ἠχώ; τῆς ἠχοῦς (Attic)	
echo	dative	τῇ ἠχοῖ	têi ēkhoî					#	Third declension of ἡ ἠχώ; τῆς ἠχοῦς (Attic)	
echo	accusative	τὴν ἠχώ	tḕn ēkhṓ					#	Third declension of ἡ ἠχώ; τῆς ἠχοῦς (Attic)	
echo	vocative	ἠχοῖ	ēkhoî					#	Third declension of ἡ ἠχώ; τῆς ἠχοῦς (Attic)	
Clio	nominative	ἡ Κλειώ	hē Kleiṓ					#	Third declension of ἡ Κλειώ; τῆς Κλειοῦς (Attic)	
Clio	genitive	τῆς Κλειοῦς	tês Kleioûs					#	Third declension of ἡ Κλειώ; τῆς Κλειοῦς (Attic)	
Clio	dative	τῇ Κλειοῖ	têi Kleioî					#	Third declension of ἡ Κλειώ; τῆς Κλειοῦς (Attic)	
Clio	accusative	τὴν Κλειώ	tḕn Kleiṓ					#	Third declension of ἡ Κλειώ; τῆς Κλειοῦς (Attic)	
Clio	vocative	Κλειοῖ	Kleioî					#	Third declension of ἡ Κλειώ; τῆς Κλειοῦς (Attic)	
crow	nominative	ὁ κόρᾰξ	ho kórax	τὼ κόρᾰκε	tṑ kórake	οἱ κόρᾰκες	hoi kórakes	#	Third declension of ὁ κόρᾰξ; τοῦ κόρᾰκος (Attic)	
crow	genitive	τοῦ κόρᾰκος	toû kórakos	τοῖν κορᾰ́κοιν	toîn korákoin	τῶν κορᾰ́κων	tôn korákōn	#	Third declension of ὁ κόρᾰξ; τοῦ κόρᾰκος (Attic)	
crow	dative	τῷ κόρᾰκῐ	tôi kóraki	τοῖν κορᾰ́κοιν	toîn korákoin	τοῖς κόρᾰξῐ / κόρᾰξῐν	toîs kóraxi(n)	#	Third declension of ὁ κόρᾰξ; τοῦ κόρᾰκος (Attic)	
crow	accusative	τὸν κόρᾰκᾰ	tòn kóraka	τὼ κόρᾰκε	tṑ kórake	τοὺς κόρᾰκᾰς	toùs kórakas	#	Third declension of ὁ κόρᾰξ; τοῦ κόρᾰκος (Attic)	
crow	vocative	κόρᾰξ	kórax	κόρᾰκε	kórake	κόρᾰκες	kórakes	#	Third declension of ὁ κόρᾰξ; τοῦ κόρᾰκος (Attic)	
vulture	nominative	ὁ γῡ́ψ	ho gū́ps	τὼ γῦπε	tṑ gûpe	οἱ γῦπες	hoi gûpes	#	Third declension of ὁ γῡ́ψ; τοῦ γῡπός (Attic)	
vulture	genitive	τοῦ γῡπός	toû gūpós	τοῖν γῡποῖν	toîn gūpoîn	τῶν γῡπῶν	tôn gūpôn	#	Third declension of ὁ γῡ́ψ; τοῦ γῡπός (Attic)	
vulture	dative	τῷ γῡπῐ́	tôi gūpí	τοῖν γῡποῖν	toîn gūpoîn	τοῖς γῡψῐ́ / γῡψῐ́ν	toîs gūpsí(n)	#	Third declension of ὁ γῡ́ψ; τοῦ γῡπός (Attic)	
vulture	accusative	τὸν γῦπᾰ	tòn gûpa	τὼ γῦπε	tṑ gûpe	τοὺς γῦπᾰς	toùs gûpas	#	Third declension of ὁ γῡ́ψ; τοῦ γῡπός (Attic)	
vulture	vocative	γῡ́ψ	gū́ps	γῦπε	gûpe	γῦπες	gûpes	#	Third declension of ὁ γῡ́ψ; τοῦ γῡπός (Attic)	
rug	nominative	ὁ τᾰ́πης	ho tápēs	τὼ τᾰ́πητε	tṑ tápēte	οἱ τᾰ́πητες	hoi tápētes	#	Third declension of ὁ τᾰ́πης; τοῦ τᾰ́πητος (Attic)	
rug	genitive	τοῦ τᾰ́πητος	toû tápētos	τοῖν τᾰπήτοιν	toîn tapḗtoin	τῶν τᾰπήτων	tôn tapḗtōn	#	Third declension of ὁ τᾰ́πης; τοῦ τᾰ́πητος (Attic)	
rug	dative	τῷ τᾰ́πητῐ	tôi tápēti	τοῖν τᾰπήτοιν	toîn tapḗtoin	τοῖς τᾰ́πησῐ / τᾰ́πησῐν	toîs tápēsi(n)	#	Third declension of ὁ τᾰ́πης; τοῦ τᾰ́πητος (Attic)	
rug	accusative	τὸν τᾰ́πητᾰ	tòn tápēta	τὼ τᾰ́πητε	tṑ tápēte	τοὺς τᾰ́πητᾰς	toùs tápētas	#	Third declension of ὁ τᾰ́πης; τοῦ τᾰ́πητος (Attic)	
rug	vocative	τᾰ́πης	tápēs	τᾰ́πητε	tápēte	τᾰ́πητες	tápētes	#	Third declension of ὁ τᾰ́πης; τοῦ τᾰ́πητος (Attic)	
giant	nominative	ὁ γί̆γᾱς	ho gígās	τὼ γῐ́γᾰντε	tṑ gígante	οἱ γῐ́γᾰντες	hoi gígantes	#	Third declension of ὁ γί̆γᾱς; τοῦ γῐ́γᾰντος (Attic)	
giant	genitive	τοῦ γῐ́γᾰντος	toû gígantos	τοῖν γῐγᾰ́ντοιν	toîn gigántoin	τῶν γῐγᾰ́ντων	tôn gigántōn	#	Third declension of ὁ γί̆γᾱς; τοῦ γῐ́γᾰντος (Attic)	
giant	dative	τῷ γῐ́γᾰντῐ	tôi gíganti	τοῖν γῐγᾰ́ντοιν	toîn gigántoin	τοῖς γῐ́γᾱσῐ / γῐ́γᾱσῐν	toîs gígāsi(n)	#	Third declension of ὁ γί̆γᾱς; τοῦ γῐ́γᾰντος (Attic)	
giant	accusative	τὸν γῐ́γᾰντᾰ	tòn gíganta	τὼ γῐ́γᾰντε	tṑ gígante	τοὺς γῐ́γᾰντᾰς	toùs gígantas	#	Third declension of ὁ γί̆γᾱς; τοῦ γῐ́γᾰντος (Attic)	
giant	vocative	γῐ́γᾰν	gígan	γῐ́γᾰντε	gígante	γῐ́γᾰντες	gígantes	#	Third declension of ὁ γί̆γᾱς; τοῦ γῐ́γᾰντος (Attic)	
tooth	nominative	ὁ ὀδούς	ho odoús	τὼ ὀδόντε	tṑ odónte	οἱ ὀδόντες	hoi odóntes	#	Third declension of ὁ ὀδούς; τοῦ ὀδόντος (Attic)	
tooth	genitive	τοῦ ὀδόντος	toû odóntos	τοῖν ὀδόντοιν	toîn odóntoin	τῶν ὀδόντων	tôn odóntōn	#	Third declension of ὁ ὀδούς; τοῦ ὀδόντος (Attic)	
tooth	dative	τῷ ὀδόντῐ	tôi odónti	τοῖν ὀδόντοιν	toîn odóntoin	τοῖς ὀδοῦσῐ / ὀδοῦσῐν	toîs odoûsi(n)	#	Third declension of ὁ ὀδούς; τοῦ ὀδόντος (Attic)	
tooth	accusative	τὸν ὀδόντᾰ	tòn odónta	τὼ ὀδόντε	tṑ odónte	τοὺς ὀδόντᾰς	toùs odóntas	#	Third declension of ὁ ὀδούς; τοῦ ὀδόντος (Attic)	
tooth	vocative	ὀδόν	odón	ὀδόντε	odónte	ὀδόντες	odóntes	#	Third declension of ὁ ὀδούς; τοῦ ὀδόντος (Attic)	
old-man	nominative	ὁ γέρων	ho gérōn	τὼ γέροντε	tṑ géronte	οἱ γέροντες	hoi gérontes	#	Third declension of ὁ γέρων; τοῦ γέροντος (Attic)	
old-man	genitive	τοῦ γέροντος	toû gérontos	τοῖν γερόντοιν	toîn geróntoin	τῶν γερόντων	tôn geróntōn	#	Third declension of ὁ γέρων; τοῦ γέροντος (Attic)	
old-man	dative	τῷ γέροντῐ	tôi géronti	τοῖν γερόντοιν	toîn geróntoin	τοῖς γέρουσῐ / γέρουσῐν	toîs gérousi(n)	#	Third declension of ὁ γέρων; τοῦ γέροντος (Attic)	
old-man	accusative	τὸν γέροντᾰ	tòn géronta	τὼ γέροντε	tṑ géronte	τοὺς γέροντᾰς	toùs gérontas	#	Third declension of ὁ γέρων; τοῦ γέροντος (Attic)	
old-man	vocative	γέρον	géron	γέροντε	géronte	γέροντες	gérontes	#	Third declension of ὁ γέρων; τοῦ γέροντος (Attic)	
property	nominative	τὸ κτῆμᾰ	tò ktêma	τὼ κτήμᾰτε	tṑ ktḗmate	τᾰ̀ κτήμᾰτᾰ	tà ktḗmata	#	Third declension of τὸ κτῆμᾰ; τοῦ κτήμᾰτος (Attic)	
property	genitive	τοῦ κτήμᾰτος	toû ktḗmatos	τοῖν κτημᾰ́τοιν	toîn ktēmátoin	τῶν κτημᾰ́των	tôn ktēmátōn	#	Third declension of τὸ κτῆμᾰ; τοῦ κτήμᾰτος (Attic)	
property	dative	τῷ κτήμᾰτῐ	tôi ktḗmati	τοῖν κτημᾰ́τοιν	toîn ktēmátoin	τοῖς κτήμᾰσῐ / κτήμᾰσῐν	toîs ktḗmasi(n)	#	Third declension of τὸ κτῆμᾰ; τοῦ κτήμᾰτος (Attic)	
property	accusative	τὸ κτῆμᾰ	tò ktêma	τὼ κτήμᾰτε	tṑ ktḗmate	τᾰ̀ κτήμᾰτᾰ	tà ktḗmata	#	Third declension of τὸ κτῆμᾰ; τοῦ κτήμᾰτος (Attic)	
property	vocative	κτῆμᾰ	ktêma	κτήμᾰτε	ktḗmate	κτήμᾰτᾰ	ktḗmata	#	Third declension of τὸ κτῆμᾰ; τοῦ κτήμᾰτος (Attic)	
Greek	nominative	ὁ Ἕλλην	ho Héllēn	τὼ Ἕλληνε	tṑ Héllēne	οἱ Ἕλληνες	hoi Héllēnes	#	Third declension of ὁ Ἕλλην; τοῦ Ἕλληνος (Attic)	
Greek	genitive	τοῦ Ἕλληνος	toû Héllēnos	τοῖν Ἑλλήνοιν	toîn Hellḗnoin	τῶν Ἑλλήνων	tôn Hellḗnōn	#	Third declension of ὁ Ἕλλην; τοῦ Ἕλληνος (Attic)	
Greek	dative	τῷ Ἕλληνῐ	tôi Héllēni	τοῖν Ἑλλήνοιν	toîn Hellḗnoin	τοῖς Ἕλλησῐ / Ἕλλησῐν	toîs Héllēsi(n)	#	Third declension of ὁ Ἕλλην; τοῦ Ἕλληνος (Attic)	
Greek	accusative	τὸν Ἕλληνᾰ	tòn Héllēna	τὼ Ἕλληνε	tṑ Héllēne	τοὺς Ἕλληνᾰς	toùs Héllēnas	#	Third declension of ὁ Ἕλλην; τοῦ Ἕλληνος (Attic)	
Greek	vocative	Ἕλλην	Héllēn	Ἕλληνε	Héllēne	Ἕλληνες	Héllēnes	#	Third declension of ὁ Ἕλλην; τοῦ Ἕλληνος (Attic)	
winter	nominative	ὁ χειμών	ho kheimṓn	τὼ χειμῶνε	tṑ kheimône	οἱ χειμῶνες	hoi kheimônes	#	Third declension of ὁ χειμών; τοῦ χειμῶνος (Attic)	
winter	genitive	τοῦ χειμῶνος	toû kheimônos	τοῖν χειμώνοιν	toîn kheimṓnoin	τῶν χειμώνων	tôn kheimṓnōn	#	Third declension of ὁ χειμών; τοῦ χειμῶνος (Attic)	
winter	dative	τῷ χειμῶνῐ	tôi kheimôni	τοῖν χειμώνοιν	toîn kheimṓnoin	τοῖς χειμῶσῐ / χειμῶσῐν	toîs kheimôsi(n)	#	Third declension of ὁ χειμών; τοῦ χειμῶνος (Attic)	
winter	accusative	τὸν χειμῶνᾰ	tòn kheimôna	τὼ χειμῶνε	tṑ kheimône	τοὺς χειμῶνᾰς	toùs kheimônas	#	Third declension of ὁ χειμών; τοῦ χειμῶνος (Attic)	
winter	vocative	χειμών	kheimṓn	χειμῶνε	kheimône	χειμῶνες	kheimônes	#	Third declension of ὁ χειμών; τοῦ χειμῶνος (Attic)	
Titan	nominative	ὁ Τῑτᾱ́ν	ho Tītā́n	τὼ Τῑτᾶνε	tṑ Tītâne	οἱ Τῑτᾶνες	hoi Tītânes	#	Third declension of ὁ Τῑτᾱ́ν; τοῦ Τῑτᾶνος (Attic)	
Titan	genitive	τοῦ Τῑτᾶνος	toû Tītânos	τοῖν Τῑτᾱ́νοιν	toîn Tītā́noin	τῶν Τῑτᾱ́νων	tôn Tītā́nōn	#	Third declension of ὁ Τῑτᾱ́ν; τοῦ Τῑτᾶνος (Attic)	
Titan	dative	τῷ Τῑτᾶνῐ	tôi Tītâni	τοῖν Τῑτᾱ́νοιν	toîn Tītā́noin	τοῖς Τῑτᾶσῐ / Τῑτᾶσῐν	toîs Tītâsi(n)	#	Third declension of ὁ Τῑτᾱ́ν; τοῦ Τῑτᾶνος (Attic)	
Titan	accusative	τὸν Τῑτᾶνᾰ	tòn Tītâna	τὼ Τῑτᾶνε	tṑ Tītâne	τοὺς Τῑτᾶνᾰς	toùs Tītânas	#	Third declension of ὁ Τῑτᾱ́ν; τοῦ Τῑτᾶνος (Attic)	
Titan	vocative	Τῑτᾱ́ν	Tītā́n	Τῑτᾶνε	Tītâne	Τῑτᾶνες	Tītânes	#	Third declension of ὁ Τῑτᾱ́ν; τοῦ Τῑτᾶνος (Attic)	
light-ray	nominative	ἡ ἀκτῑ́ς	hē aktī́s	τὼ ἀκτῖνε	tṑ aktîne	αἱ ἀκτῖνες	hai aktînes	#	Third declension of ἡ ἀκτῑ́ς; τῆς ἀκτῖνος (Attic)	
light-ray	genitive	τῆς ἀκτῖνος	tês aktînos	τοῖν ἀκτῑ́νοιν	toîn aktī́noin	τῶν ἀκτῑ́νων	tôn aktī́nōn	#	Third declension of ἡ ἀκτῑ́ς; τῆς ἀκτῖνος (Attic)	
light-ray	dative	τῇ ἀκτῖνῐ	têi aktîni	τοῖν ἀκτῑ́νοιν	toîn aktī́noin	ταῖς ἀκτῖσῐ / ἀκτῖσῐν	taîs aktîsi(n)	#	Third declension of ἡ ἀκτῑ́ς; τῆς ἀκτῖνος (Attic)	
light-ray	accusative	τὴν ἀκτῖνᾰ	tḕn aktîna	τὼ ἀκτῖνε	tṑ aktîne	τᾱ̀ς ἀκτῖνᾰς	tā̀s aktînas	#	Third declension of ἡ ἀκτῑ́ς; τῆς ἀκτῖνος (Attic)	
light-ray	vocative	ἀκτῑ́ς	aktī́s	ἀκτῖνε	aktîne	ἀκτῖνες	aktînes	#	Third declension of ἡ ἀκτῑ́ς; τῆς ἀκτῖνος (Attic)	
shepherd	nominative	ὁ ποιμήν	ho poimḗn	τὼ ποιμένε	tṑ poiméne	οἱ ποιμένες	hoi poiménes	#	Third declension of ὁ ποιμήν; τοῦ ποιμένος (Attic)	
shepherd	genitive	τοῦ ποιμένος	toû poiménos	τοῖν ποιμένοιν	toîn poiménoin	τῶν ποιμένων	tôn poiménōn	#	Third declension of ὁ ποιμήν; τοῦ ποιμένος (Attic)	
shepherd	dative	τῷ ποιμένῐ	tôi poiméni	τοῖν ποιμένοιν	toîn poiménoin	τοῖς ποιμέσῐ / ποιμέσῐν	toîs poimési(n)	#	Third declension of ὁ ποιμήν; τοῦ ποιμένος (Attic)	
shepherd	accusative	τὸν ποιμένᾰ	tòn poiména	τὼ ποιμένε	tṑ poiméne	τοὺς ποιμένᾰς	toùs poiménas	#	Third declension of ὁ ποιμήν; τοῦ ποιμένος (Attic)	
shepherd	vocative	ποιμήν	poimḗn	ποιμένε	poiméne	ποιμένες	poiménes	#	Third declension of ὁ ποιμήν; τοῦ ποιμένος (Attic)	
guide	nominative	ὁ, ἡ ἡγεμών	ho, hē hēgemṓn	τὼ ἡγεμόνε	tṑ hēgemóne	οἱ, αἱ ἡγεμόνες	hoi, hai hēgemónes	#	Third declension of ὁ, ἡ ἡγεμών; τοῦ, τῆς ἡγεμόνος (Attic)	
guide	genitive	τοῦ, τῆς ἡγεμόνος	toû, tês hēgemónos	τοῖν ἡγεμόνοιν	toîn hēgemónoin	τῶν ἡγεμόνων	tôn hēgemónōn	#	Third declension of ὁ, ἡ ἡγεμών; τοῦ, τῆς ἡγεμόνος (Attic)	
guide	dative	τῷ, τῇ ἡγεμόνῐ	tôi, têi hēgemóni	τοῖν ἡγεμόνοιν	toîn hēgemónoin	τοῖς, ταῖς ἡγεμόσῐ / ἡγεμόσῐν	toîs, taîs hēgemósi(n)	#	Third declension of ὁ, ἡ ἡγεμών; τοῦ, τῆς ἡγεμόνος (Attic)	
guide	accusative	τὸν, τὴν ἡγεμόνᾰ	tòn, tḕn hēgemóna	τὼ ἡγεμόνε	tṑ hēgemóne	τοὺς, τᾱ̀ς ἡγεμόνᾰς	toùs, tā̀s hēgemónas	#	Third declension of ὁ, ἡ ἡγεμών; τοῦ, τῆς ἡγεμόνος (Attic)	
guide	vocative	ἡγεμών	hēgemṓn	ἡγεμόνε	hēgemóne	ἡγεμόνες	hēgemónes	#	Third declension of ὁ, ἡ ἡγεμών; τοῦ, τῆς ἡγεμόνος (Attic)	
neighbor	nominative	ὁ, ἡ γείτων	ho, hē geítōn	τὼ γείτονε	tṑ geítone	οἱ, αἱ γείτονες	hoi, hai geítones	#	Third declension of ὁ, ἡ γείτων; τοῦ, τῆς γείτονος (Attic)	
neighbor	genitive	τοῦ, τῆς γείτονος	toû, tês geítonos	τοῖν γειτόνοιν	toîn geitónoin	τῶν γειτόνων	tôn geitónōn	#	Third declension of ὁ, ἡ γείτων; τοῦ, τῆς γείτονος (Attic)	
neighbor	dative	τῷ, τῇ γείτονῐ	tôi, têi geítoni	τοῖν γειτόνοιν	toîn geitónoin	τοῖς, ταῖς γείτοσῐ / γείτοσῐν	toîs, taîs geítosi(n)	#	Third declension of ὁ, ἡ γείτων; τοῦ, τῆς γείτονος (Attic)	
neighbor	accusative	τὸν, τὴν γείτονᾰ	tòn, tḕn geítona	τὼ γείτονε	tṑ geítone	τοὺς, τᾱ̀ς γείτονᾰς	toùs, tā̀s geítonas	#	Third declension of ὁ, ἡ γείτων; τοῦ, τῆς γείτονος (Attic)	
neighbor	vocative	γεῖτον	geîton	γείτονε	geítone	γείτονες	geítones	#	Third declension of ὁ, ἡ γείτων; τοῦ, τῆς γείτονος (Attic)	
ichor	nominative	ὁ ῑ̓χώρ	ho īkhṓr	τὼ ῑ̓χῶρε	tṑ īkhôre	οἱ ῑ̓χῶρες	hoi īkhôres	#	Third declension of ὁ ῑ̓χώρ; τοῦ ῑ̓χῶρος (Attic)	
ichor	genitive	τοῦ ῑ̓χῶρος	toû īkhôros	τοῖν ῑ̓χώροιν	toîn īkhṓroin	τῶν ῑ̓χώρων	tôn īkhṓrōn	#	Third declension of ὁ ῑ̓χώρ; τοῦ ῑ̓χῶρος (Attic)	
ichor	dative	τῷ ῑ̓χῶρῐ	tôi īkhôri	τοῖν ῑ̓χώροιν	toîn īkhṓroin	τοῖς ῑ̓χῶρσῐ / ῑ̓χῶρσῐν	toîs īkhôrsi(n)	#	Third declension of ὁ ῑ̓χώρ; τοῦ ῑ̓χῶρος (Attic)	
ichor	accusative	τὸν ῑ̓χῶρᾰ	tòn īkhôra	τὼ ῑ̓χῶρε	tṑ īkhôre	τοὺς ῑ̓χῶρᾰς	toùs īkhôras	#	Third declension of ὁ ῑ̓χώρ; τοῦ ῑ̓χῶρος (Attic)	
ichor	vocative	ῑ̓χώρ	īkhṓr	ῑ̓χῶρε	īkhôre	ῑ̓χῶρες	īkhôres	#	Third declension of ὁ ῑ̓χώρ; τοῦ ῑ̓χῶρος (Attic)	
chaff	nominative	ὁ ἀθήρ	ho athḗr	τὼ ἀθέρε	tṑ athére	οἱ ἀθέρες	hoi athéres	#	Third declension of ὁ ἀθήρ; τοῦ ἀθέρος (Attic)	
chaff	genitive	τοῦ ἀθέρος	toû athéros	τοῖν ἀθέροιν	toîn athéroin	τῶν ἀθέρων	tôn athérōn	#	Third declension of ὁ ἀθήρ; τοῦ ἀθέρος (Attic)	
chaff	dative	τῷ ἀθέρῐ	tôi athéri	τοῖν ἀθέροιν	toîn athéroin	τοῖς ἀθέρσῐ / ἀθέρσῐν	toîs athérsi(n)	#	Third declension of ὁ ἀθήρ; τοῦ ἀθέρος (Attic)	
chaff	accusative	τὸν ἀθέρᾰ	tòn athéra	τὼ ἀθέρε	tṑ athére	τοὺς ἀθέρᾰς	toùs athéras	#	Third declension of ὁ ἀθήρ; τοῦ ἀθέρος (Attic)	
chaff	vocative	ἀθήρ	athḗr	ἀθέρε	athére	ἀθέρες	athéres	#	Third declension of ὁ ἀθήρ; τοῦ ἀθέρος (Attic)	
orator	nominative	ὁ ῥήτωρ	ho rhḗtōr	τὼ ῥήτορε	tṑ rhḗtore	οἱ ῥήτορες	hoi rhḗtores	#	Third declension of ὁ ῥήτωρ; τοῦ ῥήτορος (Attic)	
orator	genitive	τοῦ ῥήτορος	toû rhḗtoros	τοῖν ῥητόροιν	toîn rhētóroin	τῶν ῥητόρων	tôn rhētórōn	#	Third declension of ὁ ῥήτωρ; τοῦ ῥήτορος (Attic)	
orator	dative	τῷ ῥήτορῐ	tôi rhḗtori	τοῖν ῥητόροιν	toîn rhētóroin	τοῖς ῥήτορσῐ / ῥήτορσῐν	toîs rhḗtorsi(n)	#	Third declension of ὁ ῥήτωρ; τοῦ ῥήτορος (Attic)	
orator	accusative	τὸν ῥήτορᾰ	tòn rhḗtora	τὼ ῥήτορε	tṑ rhḗtore	τοὺς ῥήτορᾰς	toùs rhḗtoras	#	Third declension of ὁ ῥήτωρ; τοῦ ῥήτορος (Attic)	
orator	vocative	ῥῆτορ	rhêtor	ῥήτορε	rhḗtore	ῥήτορες	rhḗtores	#	Third declension of ὁ ῥήτωρ; τοῦ ῥήτορος (Attic)	
father	nominative	ὁ πᾰτήρ	ho patḗr	τὼ πᾰτέρε	tṑ patére	οἱ πᾰτέρες	hoi patéres	#	Third declension of ὁ πᾰτήρ; τοῦ πᾰτρός (Attic)	
father	genitive	τοῦ πᾰτρός / πᾰτέρος	toû patrós / patéros	τοῖν πᾰτέροιν	toîn patéroin	τῶν πᾰτέρων / πᾰτρῶν	tôn patérōn / patrôn	#	Third declension of ὁ πᾰτήρ; τοῦ πᾰτρός (Attic)	
father	dative	τῷ πᾰτρῐ́ / πᾰτέρῐ	tôi patrí / patéri	τοῖν πᾰτέροιν	toîn patéroin	τοῖς πᾰτρᾰ́σῐ	toîs patrási	#	Third declension of ὁ πᾰτήρ; τοῦ πᾰτρός (Attic)	
father	accusative	τὸν πᾰτέρᾰ	tòn patéra	τὼ πᾰτέρε	tṑ patére	τοὺς πᾰτέρᾰς	toùs patéras	#	Third declension of ὁ πᾰτήρ; τοῦ πᾰτρός (Attic)	
father	vocative	πάτερ	páter	πᾰτέρε	patére	πᾰτέρες	patéres	#	Third declension of ὁ πᾰτήρ; τοῦ πᾰτρός (Attic)	
Demeter	nominative	ἡ Δημήτηρ	hē Dēmḗtēr					#	Third declension of ἡ Δημήτηρ; τῆς Δήμητρος (Attic)	
Demeter	genitive	τῆς Δήμητρος	tês Dḗmētros					#	Third declension of ἡ Δημήτηρ; τῆς Δήμητρος (Attic)	
Demeter	dative	τῇ Δήμητρῐ	têi Dḗmētri					#	Third declension of ἡ Δημήτηρ; τῆς Δήμητρος (Attic)	
Demeter	accusative	τὴν Δήμητρᾰ	tḕn Dḗmētra					#	Third declension of ἡ Δημήτηρ; τῆς Δήμητρος (Attic)	
Demeter	vocative	Δήμητερ	Dḗmēter					#	Third declension of ἡ Δημήτηρ; τῆς Δήμητρος (Attic)	
Socrates	nominative	ὁ Σωκρᾰ́της	ho Sōkrátēs					#	Third declension of ὁ Σωκρᾰ́της; τοῦ Σωκρᾰ́τους (contracted, Attic)	
Socrates	genitive	τοῦ Σωκρᾰ́τους	toû Sōkrátous					#	Third declension of ὁ Σωκρᾰ́της; τοῦ Σωκρᾰ́τους (contracted, Attic)	
Socrates	dative	τῷ Σωκρᾰ́τει	tôi Sōkrátei					#	Third declension of ὁ Σωκρᾰ́της; τοῦ Σωκρᾰ́τους (contracted, Attic)	
Socrates	accusative	τὸν Σωκρᾰ́τη / Σωκρᾰ́την	tòn Sōkrátē / Sōkrátēn					#	Third declension of ὁ Σωκρᾰ́της; τοῦ Σωκρᾰ́τους (contracted, Attic)	
Socrates	vocative	Σώκρᾰτες	Sṓkrates					#	Third declension of ὁ Σωκρᾰ́της; τοῦ Σωκρᾰ́τους (contracted, Attic)	
Pericles	nominative	ὁ Περῐκλῆς	ho Periklês					#	Third declension of ὁ Περῐκλῆς; τοῦ Περῐκλέους (contracted, Attic)	
Pericles	genitive	τοῦ Περῐκλέους	toû Perikléous					#	Third declension of ὁ Περῐκλῆς; τοῦ Περῐκλέους (contracted, Attic)	
Pericles	dative	τῷ Περῐκλεῖ	tôi Perikleî					#	Third declension of ὁ Περῐκλῆς; τοῦ Περῐκλέους (contracted, Attic)	
Pericles	accusative	τὸν Περῐκλέᾱ	tòn Perikléā					#	Third declension of ὁ Περῐκλῆς; τοῦ Περῐκλέους (contracted, Attic)	
Pericles	vocative	Περῐ́κλεις	Períkleis					#	Third declension of ὁ Περῐκλῆς; τοῦ Περῐκλέους (contracted, Attic)	
arrow	nominative	τὸ ἔδᾰφος	tò édaphos	τὼ ἐδᾰ́φει	tṑ edáphei	τᾰ̀ ἐδᾰ́φη	tà edáphē	#	Third declension of τὸ ἔδᾰφος; τοῦ ἐδᾰ́φους (Attic)	
arrow	genitive	τοῦ ἐδᾰ́φους	toû edáphous	τοῖν ἐδᾰφοῖν	toîn edaphoîn	τῶν ἐδᾰφῶν	tôn edaphôn	#	Third declension of τὸ ἔδᾰφος; τοῦ ἐδᾰ́φους (Attic)	
arrow	dative	τῷ ἐδᾰ́φει	tôi edáphei	τοῖν ἐδᾰφοῖν	toîn edaphoîn	τοῖς ἐδᾰ́φεσῐ / ἐδᾰ́φεσῐν	toîs edáphesi(n)	#	Third declension of τὸ ἔδᾰφος; τοῦ ἐδᾰ́φους (Attic)	
arrow	accusative	τὸ ἔδᾰφος	tò édaphos	τὼ ἐδᾰ́φει	tṑ edáphei	τᾰ̀ ἐδᾰ́φη	tà edáphē	#	Third declension of τὸ ἔδᾰφος; τοῦ ἐδᾰ́φους (Attic)	
arrow	vocative	ἔδᾰφος	édaphos	ἐδᾰ́φει	edáphei	ἐδᾰ́φη	edáphē	#	Third declension of τὸ ἔδᾰφος; τοῦ ἐδᾰ́φους (Attic)	
shame	nominative	ἡ αἰδώς / αἰδώ	hē aidṓs / aidṓ	τὼ αἰδῶε	tṑ aidôe	αἱ αἰδῶες / αἰδοί	hai aidôes / aidoí	#	Irregular declension of ἡ αἰδώς; τῆς αἰδοῦς (Attic)	
shame	genitive	τῆς αἰδοῦς	tês aidoûs	τοῖν αἰδώοιν	toîn aidṓoin	τῶν αἰδώων	tôn aidṓōn	#	Irregular declension of ἡ αἰδώς; τῆς αἰδοῦς (Attic)	
shame	dative	τῇ αἰδοῖ	têi aidoî	τοῖν αἰδώοιν	toîn aidṓoin	ταῖς αἰδῶσι	taîs aidôsi	#	Irregular declension of ἡ αἰδώς; τῆς αἰδοῦς (Attic)	
shame	accusative	τὴν αἰδῶ	tḕn aidô	τὼ αἰδῶε	tṑ aidôe	τᾱ̀ς αἰδῶας	tā̀s aidôas	#	Irregular declension of ἡ αἰδώς; τῆς αἰδοῦς (Attic)	
shame	vocative	αἰδώς / αἰδώ	aidṓs / aidṓ	αἰδῶε	aidôe	αἰδῶες / αἰδοί	aidôes / aidoí	#	Irregular declension of ἡ αἰδώς; τῆς αἰδοῦς (Attic)	
Ares	nominative	ὁ Ἄρης	ho Árēs					#	Irregular declension of ὁ Ἄρης; τοῦ Ἄρεως (Attic)	
Ares	genitive	τοῦ Ἄρεως	toû Áreōs					#	Irregular declension of ὁ Ἄρης; τοῦ Ἄρεως (Attic)	
Ares	dative	τῷ Ἄρει	tôi Árei					#	Irregular declension of ὁ Ἄρης; τοῦ Ἄρεως (Attic)	
Ares	accusative	τὸν Ἄρη	tòn Árē					#	Irregular declension of ὁ Ἄρης; τοῦ Ἄρεως (Attic)	
Ares	vocative	Ἄρες	Áres					#	Irregular declension of ὁ Ἄρης; τοῦ Ἄρεως (Attic)	
Thales	nominative	ὁ Θᾰλῆς	ho Thalês					#	First declension of ὁ Θᾰλῆς; τοῦ Θᾰλέω (Attic)	
Thales	genitive	τοῦ Θᾰλέω / Θᾰλοῦ	toû Thaléō / Thaloû					#	First declension of ὁ Θᾰλῆς; τοῦ Θᾰλέω (Attic)	
Thales	dative	τῷ Θᾰλῇ	tôi Thalêi					#	First declension of ὁ Θᾰλῆς; τοῦ Θᾰλέω (Attic)	
Thales	accusative	τὸν Θᾰλῆν	tòn Thalên					#	First declension of ὁ Θᾰλῆς; τοῦ Θᾰλέω (Attic)	
Thales	vocative	Θᾰλῆ	Thalê					#	First declension of ὁ Θᾰλῆς; τοῦ Θᾰλέω (Attic)	
Oedipus	nominative	ὁ Οἰδῐ́πους	ho Oidípous					#	Third declension of ὁ Οἰδῐ́πους; τοῦ Οἰδῐ́ποδος (Attic)	
Oedipus	genitive	τοῦ Οἰδῐ́ποδος	toû Oidípodos					#	Third declension of ὁ Οἰδῐ́πους; τοῦ Οἰδῐ́ποδος (Attic)	
Oedipus	dative	τῷ Οἰδῐ́ποδῐ	tôi Oidípodi					#	Third declension of ὁ Οἰδῐ́πους; τοῦ Οἰδῐ́ποδος (Attic)	
Oedipus	accusative	τὸν Οἰδῐ́πουν / Οἰδῐ́ποδᾰ	tòn Oidípoun / Oidípoda					#	Third declension of ὁ Οἰδῐ́πους; τοῦ Οἰδῐ́ποδος (Attic)	
Oedipus	vocative	Οἰδῐ́που	Oidípou					#	Third declension of ὁ Οἰδῐ́πους; τοῦ Οἰδῐ́ποδος (Attic)	
Apollo	nominative	ὁ Ἀπόλλων	ho Apóllōn					#	Third declension of ὁ Ἀπόλλων; τοῦ Ἀπόλλωνος (Attic)	
Apollo	genitive	τοῦ Ἀπόλλωνος	toû Apóllōnos					#	Third declension of ὁ Ἀπόλλων; τοῦ Ἀπόλλωνος (Attic)	
Apollo	dative	τῷ Ἀπόλλωνῐ	tôi Apóllōni					#	Third declension of ὁ Ἀπόλλων; τοῦ Ἀπόλλωνος (Attic)	
Apollo	accusative	τὸν Ἀπόλλω / Ἀπόλλωνᾰ	tòn Apóllō / Apóllōna					#	Third declension of ὁ Ἀπόλλων; τοῦ Ἀπόλλωνος (Attic)	
Apollo	vocative	Ἄπολλον	Ápollon					#	Third declension of ὁ Ἀπόλλων; τοῦ Ἀπόλλωνος (Attic)	
knee	nominative	τὸ γόνῠ	tò gónu	τὼ γόνᾰτε	tṑ gónate	τᾰ̀ γόνᾰτᾰ	tà gónata	#	Third declension of τὸ γόνῠ; τοῦ γόνᾰτος (Attic)	
knee	genitive	τοῦ γόνᾰτος	toû gónatos	τοῖν γονᾰ́τοιν	toîn gonátoin	τῶν γονᾰ́των	tôn gonátōn	#	Third declension of τὸ γόνῠ; τοῦ γόνᾰτος (Attic)	
knee	dative	τῷ γόνᾰτῐ	tôi gónati	τοῖν γονᾰ́τοιν	toîn gonátoin	τοῖς γόνᾰσῐ / γόνᾰσῐν	toîs gónasi(n)	#	Third declension of τὸ γόνῠ; τοῦ γόνᾰτος (Attic)	
knee	accusative	τὸ γόνῠ	tò gónu	τὼ γόνᾰτε	tṑ gónate	τᾰ̀ γόνᾰτᾰ	tà gónata	#	Third declension of τὸ γόνῠ; τοῦ γόνᾰτος (Attic)	
knee	vocative	γόνῠ	gónu	γόνᾰτε	gónate	γόνᾰτᾰ	gónata	#	Third declension of τὸ γόνῠ; τοῦ γόνᾰτος (Attic)	
wood	nominative	τὸ δόρῠ	tò dóru	τὼ δόρᾰτε	tṑ dórate	τᾰ̀ δόρᾰτᾰ	tà dórata	#	Third declension of τὸ δόρῠ; τοῦ δόρᾰτος (Attic)	
wood	genitive	τοῦ δόρᾰτος	toû dóratos	τοῖν δορᾰ́τοιν	toîn dorátoin	τῶν δορᾰ́των	tôn dorátōn	#	Third declension of τὸ δόρῠ; τοῦ δόρᾰτος (Attic)	
wood	dative	τῷ δόρᾰτῐ	tôi dórati	τοῖν δορᾰ́τοιν	toîn dorátoin	τοῖς δόρᾰσῐ / δόρᾰσῐν	toîs dórasi(n)	#	Third declension of τὸ δόρῠ; τοῦ δόρᾰτος (Attic)	
wood	accusative	τὸ δόρῠ	tò dóru	τὼ δόρᾰτε	tṑ dórate	τᾰ̀ δόρᾰτᾰ	tà dórata	#	Third declension of τὸ δόρῠ; τοῦ δόρᾰτος (Attic)	
wood	vocative	δόρῠ	dóru	δόρᾰτε	dórate	δόρᾰτᾰ	dórata	#	Third declension of τὸ δόρῠ; τοῦ δόρᾰτος (Attic)	
Zeus	nominative	ὁ Ζεύς	ho Zeús					#	Irregular declension of ὁ Ζεύς; τοῦ Δῐός (Attic)	
Zeus	genitive	τοῦ Δῐός / Ζηνός	toû Diós / Zēnós					#	Irregular declension of ὁ Ζεύς; τοῦ Δῐός (Attic)	
Zeus	dative	τῷ Δῐῐ́ / Ζηνῐ́	tôi Dií / Zēní					#	Irregular declension of ὁ Ζεύς; τοῦ Δῐός (Attic)	
Zeus	accusative	τὸν Δῐ́ᾰ / Ζῆνᾰ	tòn Día / Zêna					#	Irregular declension of ὁ Ζεύς; τοῦ Δῐός (Attic)	
Zeus	vocative	Ζεῦ	Zeû					#	Irregular declension of ὁ Ζεύς; τοῦ Δῐός (Attic)	
liver	nominative	τὸ ἧπᾰρ	tò hêpar	τὼ ἥπᾰτε	tṑ hḗpate	τᾰ̀ ἥπᾰτᾰ	tà hḗpata	#	Third declension of τὸ ἧπᾰρ; τοῦ ἥπᾰτος (Attic)	
liver	genitive	τοῦ ἥπᾰτος	toû hḗpatos	τοῖν ἡπᾰ́τοιν	toîn hēpátoin	τῶν ἡπᾰ́των	tôn hēpátōn	#	Third declension of τὸ ἧπᾰρ; τοῦ ἥπᾰτος (Attic)	
liver	dative	τῷ ἥπᾰτῐ	tôi hḗpati	τοῖν ἡπᾰ́τοιν	toîn hēpátoin	τοῖς ἥπᾰσῐ / ἥπᾰσῐν	toîs hḗpasi(n)	#	Third declension of τὸ ἧπᾰρ; τοῦ ἥπᾰτος (Attic)	
liver	accusative	τὸ ἧπᾰρ	tò hêpar	τὼ ἥπᾰτε	tṑ hḗpate	τᾰ̀ ἥπᾰτᾰ	tà hḗpata	#	Third declension of τὸ ἧπᾰρ; τοῦ ἥπᾰτος (Attic)	
liver	vocative	ἧπᾰρ	hêpar	ἥπᾰτε	hḗpate	ἥπᾰτᾰ	hḗpata	#	Third declension of τὸ ἧπᾰρ; τοῦ ἥπᾰτος (Attic)	
ship	nominative	ἡ ναῦς	hē naûs	τὼ νῆε	tṑ nêe	αἱ νῆες	hai nêes	#	Irregular declension of ἡ ναῦς; τῆς νεώς (Attic)	
ship	genitive	τῆς νεώς	tês neṓs	τοῖν νεοῖν	toîn neoîn	τῶν νεῶν	tôn neôn	#	Irregular declension of ἡ ναῦς; τῆς νεώς (Attic)	
ship	dative	τῇ νηΐ	têi nēḯ	τοῖν νεοῖν	toîn neoîn	ταῖς ναυσί / ναυσίν	taîs nausí(n)	#	Irregular declension of ἡ ναῦς; τῆς νεώς (Attic)	
ship	accusative	τὴν ναῦν	tḕn naûn	τὼ νῆε	tṑ nêe	τᾱ̀ς ναῦς	tā̀s naûs	#	Irregular declension of ἡ ναῦς; τῆς νεώς (Attic)	
ship	vocative	ναῦ	naû	νῆε	nêe	νῆες	nêes	#	Irregular declension of ἡ ναῦς; τῆς νεώς (Attic)	
ear	nominative	τὸ οὖς	tò oûs	τὼ ὦτε	tṑ ôte	τᾰ̀ ὦτᾰ	tà ôta	#	Third declension of τὸ οὖς; τοῦ ὠτός (Attic)	
ear	genitive	τοῦ ὠτός	toû ōtós	τοῖν ὤτοιν	toîn ṓtoin	τῶν ὤτων	tôn ṓtōn	#	Third declension of τὸ οὖς; τοῦ ὠτός (Attic)	
ear	dative	τῷ ὠτῐ́	tôi ōtí	τοῖν ὤτοιν	toîn ṓtoin	τοῖς ὠσῐ́ / ὠσῐ́ν	toîs ōsí(n)	#	Third declension of τὸ οὖς; τοῦ ὠτός (Attic)	
ear	accusative	τὸ οὖς	tò oûs	τὼ ὦτε	tṑ ôte	τᾰ̀ ὦτᾰ	tà ôta	#	Third declension of τὸ οὖς; τοῦ ὠτός (Attic)	
ear	vocative	οὖς	oûs	ὦτε	ôte	ὦτᾰ	ôta	#	Third declension of τὸ οὖς; τοῦ ὠτός (Attic)	
hand	nominative	ἡ χείρ	hē kheír	τὼ χεῖρε	tṑ kheîre	αἱ χεῖρες	hai kheîres	#		
hand	genitive	τῆς χειρός	tês kheirós	τοῖν χεροῖν	toîn kheroîn	τῶν χερῶν / χειρῶν	tôn kherôn / kheirôn	#		
hand	dative	τῇ χειρῐ́	têi kheirí	τοῖν χεροῖν	toîn kheroîn	ταῖς χερσί / χερσίν / χείρεσσι / χείρεσσιν	taîs khersí(n) / kheíressi(n)	#		
hand	accusative	τὴν χεῖρᾰ	tḕn kheîra	τὼ χεῖρε	tṑ kheîre	τᾱ̀ς χεῖρᾰς	tā̀s kheîras	#		
hand	vocative	χείρ	kheír 	χεῖρε	kheîre 	χεῖρες	kheîres 	#		
hello	vocative	χαῖρε	χαῖρε	χαίρετε	χαίρετε	χαίρετε	χαίρετε	#		
