*	*		*	active	active	active	active	passive	passive	passive	passive	#											
*	*		*	indicative	indicative	subjunctive	subjunctive	indicative	indicative	subjunctive	subjunctive	#											
*	*	*	*	singular	plural	singular	plural	singular	plural	singular	plural	#											
inhabit	simple	1	present	atrebā-iū	atrebā-mos	atrebā-n	atrebā-omos	atrebā-iūr	atrebā-mor	atrebā-r	atrebā-omor	#											
inhabit	simple	2	present	atrebā-i	atrebā-te	atrebā-ii	atrebā-ite	atrebā-tar	atrebā-te	atrebā-itar	atrebā-ite	#											
inhabit	simple	3	present	atrebā-t	atrebā-nt	atrebā-it	atrebā-ont	atrebā-tor	atrebā-ntor	atrebā-itor	atrebā-ontor	#											
inhabit	simple	1	future	atrebā-siū	atrebā-siomos	—	—	atrebā-siūr	atrebā-siomor	—	—	#											
inhabit	simple	2	future	atrebā-sies	atrebā-siete	—	—	atrebā-sietar	atrebā-siete	—	—	#											
inhabit	simple	3	future	atrebā-siet	atrebā-siont	—	—	atrebā-sietor	atrebā-siontor	—	—	#											
inhabit	imperfective	1	past	atrebā-nna	atrebā-mes	—	—	atrebā-nnar	atrebā-mor	—	—	#											
inhabit	imperfective	2	past	atrebāt-ās	atrebā-tē	—	—	atrebāt-ār	atrebā-tē	—	—	#											
inhabit	imperfective	3	past	atrebā-to	atrebā-nto	—	—	atrebā-tor	atrebā-ntor	—	—	#											
inhabit	perfective	1	past	atrebā-ssū	atrebā-ssamos	atrebā-ssīn	atrebā-ssīmos	atrebāt-ā/-os immi	atrebāt-ās/-oi emos	atrebāt-ā/-os buiū	atrebāt-ās/-oi buomos	#											
inhabit	perfective	2	past	atrebā-sses	atrebā-ssate	atrebā-ssīs	atrebā-ssītē	atrebāt-ā/-os ei	atrebāt-ās/-oi esue	atrebāt-ā/-os bues	atrebāt-ās/-oi buete	#											
inhabit	perfective	3	past	atrebā-sset	atrebā-ssar	atrebā-ssīt	atrebā-ssīnt	atrebāt-ā/-os essi	atrebāt-ās/-oi sent	atrebāt-ā/-os buet	atrebāt-ās/-oi buont	#											
occupy	simple	1	present	atrebā-iū	atrebā-mos	atrebā-n	atrebā-omos	atrebā-iūr	atrebā-mor	atrebā-r	atrebā-omor	#	A1										
occupy	simple	2	present	atrebā-i	atrebā-te	atrebā-ii	atrebā-ite	atrebā-tar	atrebā-te	atrebā-itar	atrebā-ite	#											
occupy	simple	3	present	atrebā-t	atrebā-nt	atrebā-it	atrebā-ont	atrebā-tor	atrebā-ntor	atrebā-itor	atrebā-ontor	#											
occupy	simple	1	future	atrebā-siū	atrebā-siomos	—	—	atrebā-siūr	atrebā-siomor	—	—	#											
occupy	simple	2	future	atrebā-sies	atrebā-siete	—	—	atrebā-sietar	atrebā-siete	—	—	#											
occupy	simple	3	future	atrebā-siet	atrebā-siont	—	—	atrebā-sietor	atrebā-siontor	—	—	#											
occupy	imperfective	1	past	atrebā-nna	atrebā-mes	—	—	atrebā-nnar	atrebā-mor	—	—	#											
occupy	imperfective	2	past	atrebāt-ās	atrebā-tē	—	—	atrebāt-ār	atrebā-tē	—	—	#											
occupy	imperfective	3	past	atrebā-to	atrebā-nto	—	—	atrebā-tor	atrebā-ntor	—	—	#											
occupy	perfective	1	past	atrebā-ssū	atrebā-ssamos	atrebā-ssīn	atrebā-ssīmos	atrebāt-ā/-os immi	atrebāt-ās/-oi emos	atrebāt-ā/-os buiū	atrebāt-ās/-oi buomos	#											
occupy	perfective	2	past	atrebā-sses	atrebā-ssate	atrebā-ssīs	atrebā-ssītē	atrebāt-ā/-os ei	atrebāt-ās/-oi esue	atrebāt-ā/-os bues	atrebāt-ās/-oi buete	#											
occupy	perfective	3	past	atrebā-sset	atrebā-ssar	atrebā-ssīt	atrebā-ssīnt	atrebāt-ā/-os essi	atrebāt-ās/-oi sent	atrebāt-ā/-os buet	atrebāt-ās/-oi buont	#											
exchange	simple	1	present	cambi-ū	cambī-mos	cambi-ān	cambī-omos	cambi-ūr	cambī-mor	cambi-ār	cambī-omor	#	A2										
exchange	simple	2	present	cambī-i	cambī-te	cambī-ei	cambī-ete	cambī-tūr	cambī-te	cambī-etār	cambī-ete	#											
exchange	simple	3	present	cambī-t	cambī-nt	cambī-et	cambī-ont	cambī-tor	cambī-ntor	cambī-etor	cambī-ontor	#											
exchange	simple	1	future	cambī-siū	cambī-siomos	—	—	cambī-siūr	cambī-siomor	—	—	#											
exchange	simple	2	future	cambī-sies	cambī-siete	—	—	cambī-sietār	cambī-siete	—	—	#											
exchange	simple	3	future	cambī-siet	cambī-siont	—	—	cambī-sietor	cambī-siontor	—	—	#											
exchange	imperfective	1	past	cambī-nna	cambī-mes	—	—	cambī-nnar	cambī-mor	—	—	#											
exchange	imperfective	2	past	cambī-tās	cambī-tē	—	—	cambī-tār	cambī-tē	—	—	#											
exchange	imperfective	3	past	cambī-to	cambī-nto	—	—	cambī-tor	cambī-ntor	—	—	#											
exchange	perfective	1	past	cambī-ssū	cambī-ssamos	cambī-ssīn	cambī-ssīmos	cambīt-ā/-os; immi	cambīt-ās/-oi; emos	cambīt-ā/-os; buiū	cambīt-ās/-oi; buomos	#											
exchange	perfective	2	past	cambī-sses	cambī-ssate	cambī-ssīs	cambī-ssīte	cambīt-ā/-os; 	cambīt-ās/-oi; 	cambīt-ā/-os; 	cambīt-ās/-oi;	#											
exchange	perfective	3	past	cambī-sset	cambī-sson	cambī-ssīt	cambī-ssīnt	cambīt-ā/-os; 	cambīt-ās/-oi; 	cambīt-ā/-os; 	cambīt-ās/-oi; 	#											
strike	simple	1	present	binǎ -mi	binǎ -mes(i)	beyas-ū	beyas-omos	—	—	—	—	#	A3										
strike	simple	2	present	binǎ -s(i)	binǎ -te(s)	beyas-es	beyas-ete	—	—	—	—	#											
strike	simple	3	present	binǎ -t(i)	binǎ -nt(i)	beyas-(e)t	beyas-int/ont	—	—	—	—	#											
strike	simple	1	future	beyas-yū	beyas-yomos	—	—	—	—	—	—	#											
strike	simple	2	future	beyas-yes	beyas-yete	—	—	—	—	—	—	#											
strike	simple	3	future	beyas-yet	beyas-yont?	—	—	—	—	—	—	#											
strike	imperfective	1	past	binǎ nna	binǎ massi	—	—	—	—	—	—	#											
strike	imperfective	2	past	binǎ tās ?	binătes	—	—	—	—	—	—	#											
strike	imperfective	3	past	binǎ tu	binǎ ntu	—	—	—	—	—	—	#											
strike	perfective	1	past	beba	bebame	beyas-īn	beyas-īmos	—	—	—	—	#											
strike	perfective	2	past	bebas?	bebate	beyas-īs	beyas-īte	—	—	—	—	#											
strike	perfective	3	past	bebe	bebyar	beyas-īt	beyas-īnt?; beyas-ī(n)tor	—	—	—	—	#											
provide	simple	1	present	rosmer-ū	rosmer-omos	rosmer-sū	rosmer-somos	rosmer-ūr	rosmer-omor	rosmer-sūr	rosmer-somor	#	B1										
provide	simple	2	present	rosmer-es	rosmer-ete	rosmer-ses	rosmer-sete	rosmer-etār	rosmer-ete	rosmer-setār	rosmer-sete	#											
provide	simple	3	present	rosmer-et	rosmer-ont	rosmer-set	rosmer-sont	rosmer-etor	rosmer-ontor	rosmer-setor	rosmer-sontor	#											
provide	simple	1	future	rosmer-siū	rosmer-siomos	—	—	rosmer-siūr	rosmer-siomor	—	—	#											
provide	simple	2	future	rosmer-sies	rosmer-siete	—	—	rosmer-sietār	rosmer-siete	—	—	#											
provide	simple	3	future	rosmer-siet	rosmer-siont	—	—	rosmer-sietor	rosmer-siontor	—	—	#											
provide	imperfective	1	past	rosmer-onna	rosmer-omes	—	—	rosmer-onnar	rosmer-omor	—	—	#											
provide	imperfective	2	past	rosmer-etās	rosmer-etē	—	—	rosmer-etār	rosmer-etē	—	—	#											
provide	imperfective	3	past	rosmer-eto	rosmer-onto	—	—	rosmer-etor	rosmer-ontor	—	—	#											
provide	perfective	1	past	rosmer-tū	rosmer-tomes	rosmer-sīn	rosmer-sīmos	rosmert-ā/-os immi	rosmert-ās/-oi emos	rosmert-ā/-os buiū	rosmert-ās/-oi buomos	#											
provide	perfective	2	past	rosmer-tes	rosmer-tete	rosmer-sīs	rosmer-sīte	rosmert-ā/-os ei	rosmert-ās/-oi esue	rosmert-ā/-os bues	rosmert-ās/-oi buete	#											
provide	perfective	3	past	rosmer-ti	rosmer-ton	rosmer-sīt	rosmer-sīnt	rosmert-ā/-os essi	rosmert-ās/-oi sent	rosmert-ā/-os buet	rosmert-ās/-oi buont	#											
kill	simple	1	present	org-ū	org-omos	orx-sū	orx-somos	org-ūr	org-omor	orx-sūr	orx-somor	#	B1										
kill	simple	2	present	org-es	org-ete	orx-ses	orx-sete	org-etār	org-ete	orx-setār	orx-sete	#											
kill	simple	3	present	org-et	org-ont	orx-set	orx-sont	org-etor	org-ontor	orx-setor	orx-sontor	#											
kill	simple	1	future	orx-siū	orx-siomos	—	—	orx-siūr	orx-siomor	—	—	#											
kill	simple	2	future	orx-sies	orx-siete	—	—	orx-sietār	orx-siete	—	—	#											
kill	simple	3	future	orx-siet	orx-siont	—	—	orx-sietor	orx-siontor	—	—	#											
kill	imperfective	1	past	org-onna	org-omes	—	—	org-onnar	org-omor	—	—	#											
kill	imperfective	2	past	org-etās	org-etē	—	—	org-etār	org-etē	—	—	#											
kill	imperfective	3	past	org-eto	org-onto	—	—	org-etor	org-ontor	—	—	#											
kill	perfective	1	past	orx-tū	orx-tomes	orx-sīn	orx-sīmos	orxt-ā/-os immi	orxt-ās/-oi emos	orxt-ā/-os buiū	orxt-ās/-oi buomos	#											
kill	perfective	2	past	orx-tes	orx-tete	orx-sīs	orx-sīte	orxt-ā/-os ei	orxt-ās/-oi esue	orxt-ā/-os bues	orxt-ās/-oi buete	#											
kill	perfective	3	past	orx-ti	orx-ton	orx-sīt	orx-sīnt	orxt-ā/-os essi	orxt-ās/-oi sent	orxt-ā/-os buet	orxt-ās/-oi buont	#											
see	simple	1	present	appis-ū	appis-omos	appis-sū	appis-somos	appis-ūr	appis-omor	appis-sūr	appis-somor	#	B1										
see	simple	2	present	appis-es	appis-ete	appis-ses	appis-sete	appis-etār	appis-ete	appis-setār	appis-sete	#											
see	simple	3	present	appis-et	appis-ont	appis-set	appis-sont	appis-etor	appis-ontor	appis-setor	appis-sontor	#											
see	simple	1	future	appis-siū	appis-siomos	—	—	appis-siūr	appis-siomor	—	—	#											
see	simple	2	future	appis-sies	appis-siete	—	—	appis-sietār	appis-siete	—	—	#											
see	simple	3	future	appis-siet	appis-siont	—	—	appis-sietor	appis-siontor	—	—	#											
see	imperfective	1	past	appis-onna	appis-omes	—	—	appis-onnar	appis-omor	—	—	#											
see	imperfective	2	past	appis-etās	appis-etē	—	—	appis-etār	appis-etē	—	—	#											
see	imperfective	3	past	appis-eto	appis-onto	—	—	appis-etor	appis-ontor	—	—	#											
see	perfective	1	past	adpepis-an	adpepis-ames	adpepis-sīn	adpepis-sīmos	appiss-ā/-os immi	appiss-ās/-oi emos	appiss-ā/-os buiū	appiss-ās/-oi buomos	#											
see	perfective	2	past	adpepis-as	adpepis-ate	adpepis-sīs	adpepis-sīte	appiss-ā/-os ei	appiss-ās/-oi esue	appiss-ā/-os bues	appiss-ās/-oi buete	#											
see	perfective	3	past	adpepis-e	adpepis-ar	adpepis-sīt	adpepis-sīnt	appiss-ā/-os essi	appiss-ās/-oi sent	appiss-ā/-os buet	appiss-ās/-oi buont	#											
heal	simple	1	present	slānosag-iū	slānosag-iomos	slānosag-ān	slānosag-aomos	slānosag-iūr	slānosag-iomor	slānosag-ār	slānosag-āomor	#	B2										
heal	simple	2	present	slānosag-ies	slānosag-iete	slānosag-ais	slānosag-aite	slānosag-ietar	slānosag-iete	slānosag-āitār	slānosag-āite	#											
heal	simple	3	present	slānosag-iet	slānosag-iont	slānosag-ait	slānosag-aont	slānosag-ietor	slānosag-iontor	slānosag-āitor	slānosag-āontor	#											
heal	simple	1	future	slānosax-siū	slānosax-siomos	—	—	slānosax-siūr	slānosax-siomor	—	—	#											
heal	simple	2	future	slānosax-sies	slānosax-siete	—	—	slānosax-sietār	slānosax-siete	—	—	#											
heal	simple	3	future	slānosax-siet	slānosax-siont	—	—	slānosax-sietor	slānosax-siontor	—	—	#											
heal	imperfective	1	past	slānosag-ionna	slānosag-iomes	—	—	slānosag-ionnar	slānosag-iomor	—	—	#											
heal	imperfective	2	past	slānosag-ietās	slānosag-ietē	—	—	slānosag-ietār	slānosag-ietē	—	—	#											
heal	imperfective	3	past	slānosag-ieto	slānosag-ionto	—	—	slānosag-ietor	slānosag-iontor	—	—	#											
heal	perfective	1	past	slānosiox-tū	slānosiox-tomes	slānosiox-sīn	slānosiox-sīmos	slānosaxt-ā/-os immi	slānosaxt-ās/-oi emos	slānosaxt-ā/-os buiū	slānosaxt-ās/-oi buomos	#											
heal	perfective	2	past	slānosiox-tes	slānosiox-tete	slānosiox-sīs	slānosiox-sīte	slānosaxt-ā/-os ei	slānosaxt-ās/-oi esue	slānosaxt-ā/-os bues	slānosaxt-ās/-oi buete	#											
heal	perfective	3	past	slānosiox-ti	slānosiox-ton	slānosiox-sīt	slānosiox-sīnt	slānosaxt-ā/-os essi	slānosaxt-ās/-oi sent	slānosaxt-ā/-os buet	slānosaxt-ās/-oi buont	#											
agree	simple	1	present	tang-ū	tang-omos	tanx-sū	tanx-somos	tang-ūr	tang-omor	tanx-sūr	tanx-somor	#	B3										
agree	simple	2	present	tang-es	tang-ete	tanx-ses	tanx-sete	tang-etār	tang-ete	tanx-setār	tanx-sete	#											
agree	simple	3	present	tang-et	tang-ont	tanx-set	tanx-sont	tang-etor	tang-ontor	tanx-setor	tanx-sontor	#											
agree	simple	1	future	tanx-siū	tanx-siomos	—	—	tanx-siūr	tanx-siomor	—	—	#											
agree	simple	2	future	tanx-sies	tanx-siete	—	—	tanx-sietār	tanx-siete	—	—	#											
agree	simple	3	future	tanx-siet	tanx-siont	—	—	tanx-sietor	tanx-siontor	—	—	#											
agree	imperfective	1	past	tang-onna	tang-omes	—	—	tang-onnar	tang-omor	—	—	#											
agree	imperfective	2	past	tang-etās	tang-etē	—	—	tang-etār	tang-etē	—	—	#											
agree	imperfective	3	past	tang-eto	tang-onto	—	—	tang-etor	tang-ontor	—	—	#											
agree	perfective	1	past	tag-ū	tag-omes	tax-sīn	tax-sīimos	taxt-ā/-os immi	taxt-ās/-oi emos	taxt-ā/-os buiū	taxt-ās/-oi buomos	#											
agree	perfective	2	past	tag-es	tag-ete	tax-sīs	tax-sīte	taxt-ā/-os ei	taxt-ās/-oi esue	taxt-ā/-os bues	taxt-ās/-oi buete	#											
agree	perfective	3	past	tag-i	tag-on	tax-sīt	tax-sīnt	taxt-ā/-os essi	taxt-ās/-oi sent	taxt-ā/-os buet	taxt-ās/-oi buont	#											
buy	simple	1	present	prina-mi	prina-mos	priā-n	pria-omos	prinā-r	prina-mor	priā-r	pria-omor	#	B4										
buy	simple	2	present	prina-i	prina-te	priai-i	priai-te	prina-tār	prina-te	priai-tār	priai-te	#											
buy	simple	3	present	prina-t	prina-nt	priai-t	pria-ont	prina-tor	prina-ntor	priai-tor	pria-ontor	#											
buy	simple	1	future	priasi-ū	priasi-omos	—	—	priasi-ūr	priasi-omor	—	—	#											
buy	simple	2	future	priasi-es	priasi-ete	—	—	priasi-etār	priasi-ete	—	—	#											
buy	simple	3	future	priasi-et	priasi-ont	—	—	priasi-etor	priasi-ontor	—	—	#											
buy	imperfective	1	past	prina-nna	prina-mes	—	—	prina-nnar	prina-mor	—	—	#											
buy	imperfective	2	past	prina-tās	prina-tē	—	—	prina-tār	prina-tē	—	—	#											
buy	imperfective	3	past	prina-to	prina-nto	—	—	prina-tor	prina-ntor	—	—	#											
buy	perfective	1	past	pipra-n	pipra-mes	priasī-n	priasī-mos	prit-ā/-os immi	prit-ās/-oi emos	prit-ā/-os buiū	prit-ās/-oi buomos	#											
buy	perfective	2	past	pipra-s	pipra-te	priasī-s	priasī-te	prit-ā/-os ei	prit-ās/-oi esue	prit-ā/-os bues	prit-ās/-oi buete	#											
buy	perfective	3	past	pipr-e	pipra-r	priasī-t	priasī-nt	prit-ā/-os essi	prit-ās/-oi sent	prit-ā/-os buet	prit-ās/-oi buont	#											
create	simple	1	present	prinu-mi	prinu-mos	priā-n	pria-omos	prinū-r	prinu-mor	prinā-r	prina-omor	#	B5										
create	simple	2	present	prinu-i	prinu-te	priai-i	priai-te	prinu-tār	prinu-te	prinai-tār	prinai-te	#											
create	simple	3	present	prinu-t	prinu-nt	priai-t	pria-ont	prinu-tor	prinu-ntor	prinai-tor	prina-ontor	#											
create	simple	1	future	prinasi-ū	prinasi-omos	—	—	prinasi-ūr	prinasi-omor	—	—	#											
create	simple	2	future	prinasi-es	prinasi-ete	—	—	prinasi-etūr	prinasi-ete	—	—	#											
create	simple	3	future	prinasi-et	prinasi-ont	—	—	prinasi-etor	prinasi-ontor	—	—	#											
create	imperfective	1	past	prinu-nna	prinu-mes	—	—	prinu-nnar	prinu-mor	—	—	#											
create	imperfective	2	past	prinu-tās	prinu-tē	—	—	prinu-tār	prinu-tē	—	—	#											
create	imperfective	3	past	prinu-to	prinu-nto	—	—	prinu-tor	prinu-ntor	—	—	#											
create	perfective	1	past	pipra-n	pipra-mes	priasī-n	priasī-mos	prīt-ā/-os immi	prīt-ās/-oi emos	prīt-ā/-os buiū	prīt-ās/-oi buomos	#											
create	perfective	2	past	pipra-s	pipra-te	priasī-s	priasī-te	prīt-ā/-os ei	prīt-ās/-oi esue	prīt-ā/-os bues	prīt-ās/-oi buete	#											
create	perfective	3	past	pipr-e	pipra-r	priasī-t	priasī-nt	prīt-ā/-os essi	prīt-ās/-oi sent	prīt-ā/-os buet	prīt-ās/-oi buont	#											
go	simple	1	present	ē-mi	ē-mos	ellā-n	ellā-omos	—	—	—	—	#	irregular										
go	simple	2	present	ē-i	ē-te	ellā-ii	ellā-ite	—	—	—	—	#											
go	simple	3	present	ē-t	ē-nt	ellā-it	ellā-ont	—	—	—	—	#											
go	simple	1	future	axsi-ūr	axsi-omor	—	—	—	—	—	—	#											
go	simple	2	future	axsi-etār	axsi-ete	—	—	—	—	—	—	#											
go	simple	3	future	axsi-etor	axsi-ontor	—	—	—	—	—	—	#											
go	imperfective	1	past	tēg-onna	tēg-omes	—	—	—	—	—	—	#											
go	imperfective	2	past	tēg-etās	tēg-etē	—	—	—	—	—	—	#											
go	imperfective	3	past	tēg-eto	tēg-onto	—	—	—	—	—	—	#											
go	perfective	1	past	lud-ū	lud-omes	ellāssī-n	ellāssī-mos	—	—	—	—	#											
go	perfective	2	past	lud-es	lud-ete	ellāssī-s	ellāssī-tē	—	—	—	—	#											
go	perfective	3	past	lud-i	lud-on	ellāssī-t	ellāssī-nt	—	—	—	—	#											
be	simple	1	present	immi	em(m)os	buiū	buomos	—	—	—	—	#	irregular										
be	simple	2	present	ei	esue	bues	buete	—	—	—	—	#											
be	simple	3	present	essi	sent(i)	buet	buont	—	—	—	—	#											
be	habitual	1	present	biiū	biiomos	—	—	—	—	—	—	#											
be	habitual	2	present	biies	biiete	—	—	—	—	—	—	#											
be	habitual	3	present	biiet	biiont	—	—	—	—	—	—	#											
be	simple	1	future	bisiū	bisiomos	—	—	—	—	—	—	#											
be	simple	2	future	bisies	bisiete	—	—	—	—	—	—	#											
be	simple	3	future	bisiet	bisiont	—	—	—	—	—	—	#											
be	imperfective	1	past	eia(n)	eiāmos	—	—	—	—	—	—	#											
be	imperfective	2	past	eiāi	eiāte	—	—	—	—	—	—	#											
be	imperfective	3	past	eiāt	eiānt	—	—	—	—	—	—	#											
be	perfective	1	past	būa(n)	būames	beionna	beiomos	—	—	—	—	#											
be	perfective	2	past	būas	būate	beiotās	beiotē	—	—	—	—	#											
be	perfective	3	past	būe	būar	beioto	beionto	—	—	—	—	#											
walk	simple	1	present	cerd-ū	cerd-omos	cerd-sū	cerd-somos	cerd-ūr	cerd-omor	cerd-sūr	cerd-somor	#	B2										
walk	simple	2	present	cerd-es	cerd-ete	cerd-ses	cerd-sete	cerd-etār	cerd-ete	cerd-setār	cerd-sete	#											
walk	simple	3	present	cerd-et	cerd-ont	cerd-set	cerd-sont	cerd-etor	cerd-ontor	cerd-setor	cerd-sontor	#											
walk	simple	1	future	cerd-siū	cerd-siomos	—	—	cerd-siūr	cerd-siomor	—	—	#											
walk	simple	2	future	cerd-sies	cerd-siete	—	—	cerd-sietār	cerd-siete	—	—	#											
walk	simple	3	future	cerd-siet	cerd-siont	—	—	cerd-sietor	cerd-siontor	—	—	#											
walk	imperfective	1	past	cerd-onna	cerd-omes	—	—	cerd-onnar	cerd-omor	—	—	#											
walk	imperfective	2	past	cerd-etās	cerd-etē	—	—	cerd-etār	cerd-etē	—	—	#											
walk	imperfective	3	past	cerd-eto	cerd-onto	—	—	cerd-etor	cerd-ontor	—	—	#											
walk	perfective	1	past	❔	❔	❔	❔	cerds-ā/-os immi	cerds-ās/-oi emos	cerds-ā/-os buiū	cerds-ās/-oi buomos	#											
walk	perfective	2	past	❔	❔	❔	❔	cerds-ā/-os ei	cerds-ās/-oi esue	cerds-ā/-os bues	cerds-ās/-oi buete	#											
walk	perfective	3	past	❔	❔	❔	❔	cerds-ā/-os essi	cerds-ās/-oi sent	cerds-ā/-os buet	cerds-ās/-oi buont	#											
carry	simple	1	present	bers-ū	bers-mos	bers-ān	bers-omos	bers-ūr	bers-mor	bers-ār	bers-omor	#											
carry	simple	2	present	bers-i	bers-te	bers-ei	bers-ete	bers-tūr	bers-te	bers-etār	bers-ete	#											
carry	simple	3	present	bers-t	bers-nt	bers-et	bers-ont	bers-tor	bers-ntor	bers-etor	bers-ontor	#											
carry	simple	1	future	bers-siū	bers-siomos	—	—	bers-siūr	bers-siomor	—	—	#											
carry	simple	2	future	bers-sies	bers-siete	—	—	bers-sietār	bers-siete	—	—	#											
carry	simple	3	future	bers-siet	bers-siont	—	—	bers-sietor	bers-siontor	—	—	#											
carry	imperfective	1	past	bers-nna	bers-mes	—	—	bers-nnar	bers-mor	—	—	#											
carry	imperfective	2	past	bers-tās	bers-tē	—	—	bers-tār	bers-tē	—	—	#											
carry	imperfective	3	past	bers-to	bers-nto	—	—	bers-tor	bers-ntor	—	—	#											
carry	perfective	1	past	bers-ssū	bers-ssamos	bers-ssīn	bers-ssīmos	berst-ā/-os; immi	berst-ās/-oi; emos	berst-ā/-os; buiū	berst-ās/-oi; buomos	#											
carry	perfective	2	past	bers-sses	bers-ssate	bers-ssīs	bers-ssīte	berst-ā/-os; 	berst-ās/-oi; 	berst-ā/-os; 	berst-ās/-oi;	#											
carry	perfective	3	past	bers-sset	bers-sson	bers-ssīt	bers-ssīnt	berst-ā/-os; 	berst-ās/-oi; 	berst-ā/-os; 	berst-ās/-oi; 	#											
change	simple	1	present	cambi-ū	cambī-mos	cambi-ān	cambī-omos	cambi-ūr	cambī-mor	cambi-ār	cambī-omor	#											
change	simple	2	present	cambī-i	cambī-te	cambī-ei	cambī-ete	cambī-tūr	cambī-te	cambī-etār	cambī-ete	#											
change	simple	3	present	cambī-t	cambī-nt	cambī-et	cambī-ont	cambī-tor	cambī-ntor	cambī-etor	cambī-ontor	#											
change	simple	1	future	cambī-siū	cambī-siomos	—	—	cambī-siūr	cambī-siomor	—	—	#											
change	simple	2	future	cambī-sies	cambī-siete	—	—	cambī-sietār	cambī-siete	—	—	#											
change	simple	3	future	cambī-siet	cambī-siont	—	—	cambī-sietor	cambī-siontor	—	—	#											
change	imperfective	1	past	cambī-nna	cambī-mes	—	—	cambī-nnar	cambī-mor	—	—	#											
change	imperfective	2	past	cambī-tās	cambī-tē	—	—	cambī-tār	cambī-tē	—	—	#											
change	imperfective	3	past	cambī-to	cambī-nto	—	—	cambī-tor	cambī-ntor	—	—	#											
change	perfective	1	past	cambī-ssū	cambī-ssamos	cambī-ssīn	cambī-ssīmos	cambīt-ā/-os; immi	cambīt-ās/-oi; emos	cambīt-ā/-os; buiū	cambīt-ās/-oi; buomos	#											
change	perfective	2	past	cambī-sses	cambī-ssate	cambī-ssīs	cambī-ssīte	cambīt-ā/-os; 	cambīt-ās/-oi; 	cambīt-ā/-os; 	cambīt-ās/-oi;	#											
change	perfective	3	past	cambī-sset	cambī-sson	cambī-ssīt	cambī-ssīnt	cambīt-ā/-os; 	cambīt-ās/-oi; 	cambīt-ā/-os; 	cambīt-ās/-oi; 	#											
read	simple	1	present	ueli-ū	uelī-mos	ueli-ān	uelī-omos	ueli-ūr	uelī-mor	ueli-ār	uelī-omor	#	A2										
read	simple	2	present	uelī-i	uelī-te	uelī-ei	uelī-ete	uelī-tūr	uelī-te	uelī-etār	uelī-ete	#											
read	simple	3	present	uelī-t	uelī-nt	uelī-et	uelī-ont	uelī-tor	uelī-ntor	uelī-etor	uelī-ontor	#											
read	simple	1	future	uelī-siū	uelī-siomos	—	—	uelī-siūr	uelī-siomor	—	—	#											
read	simple	2	future	uelī-sies	uelī-siete	—	—	uelī-sietār	uelī-siete	—	—	#											
read	simple	3	future	uelī-siet	uelī-siont	—	—	uelī-sietor	uelī-siontor	—	—	#											
read	imperfective	1	past	uelī-nna	uelī-mes	—	—	uelī-nnar	uelī-mor	—	—	#											
read	imperfective	2	past	uelī-tās	uelī-tē	—	—	uelī-tār	uelī-tē	—	—	#											
read	imperfective	3	past	uelī-to	uelī-nto	—	—	uelī-tor	uelī-ntor	—	—	#											
read	perfective	1	past	uelī-ssū	uelī-ssamos	uelī-ssīn	uelī-ssīmos	uelīt-ā/-os; immi	uelīt-ās/-oi; emos	uelīt-ā/-os; buiū	uelīt-ās/-oi; buomos	#											
read	perfective	2	past	uelī-sses	uelī-ssate	uelī-ssīs	uelī-ssīte	uelīt-ā/-os; 	uelīt-ās/-oi; 	uelīt-ā/-os; 	uelīt-ās/-oi;	#											
read	perfective	3	past	uelī-sset	uelī-sson	uelī-ssīt	uelī-ssīnt	uelīt-ā/-os; 	uelīt-ās/-oi; 	uelīt-ā/-os; 	uelīt-ās/-oi; 	#											
direct	simple	1	present	reg-ū	reg-omos	reg-sū	reg-somos	reg-ūr	reg-omor	reg-sūr	reg-somor	#	B1										
direct	simple	2	present	reg-es	reg-ete	reg-ses	reg-sete	reg-etār	reg-ete	reg-setār	reg-sete	#											
direct	simple	3	present	reg-et	reg-ont	reg-set	reg-sont	reg-etor	reg-ontor	reg-setor	reg-sontor	#											
direct	simple	1	future	reg-siū	reg-siomos	—	—	reg-siūr	reg-siomor	—	—	#											
direct	simple	2	future	reg-sies	reg-siete	—	—	reg-sietār	reg-siete	—	—	#											
direct	simple	3	future	reg-siet	reg-siont	—	—	reg-sietor	reg-siontor	—	—	#											
direct	imperfective	1	past	reg-onna	reg-omes	—	—	reg-onnar	reg-omor	—	—	#											
direct	imperfective	2	past	reg-etās	reg-etē	—	—	reg-etār	reg-etē	—	—	#											
direct	imperfective	3	past	reg-eto	reg-onto	—	—	reg-etor	reg-ontor	—	—	#											
direct	perfective	1	past	❔	❔	❔	❔	regs-ā/-os immi	regs-ās/-oi emos	regs-ā/-os buiū	regs-ās/-oi buomos	#											
direct	perfective	2	past	❔	❔	❔	❔	regs-ā/-os ei	regs-ās/-oi esue	regs-ā/-os bues	regs-ās/-oi buete	#											
direct	perfective	3	past	❔	❔	❔	❔	regs-ā/-os essi	regs-ās/-oi sent	regs-ā/-os buet	regs-ās/-oi buont	#											
endure	simple	1	present	pass-ū	pass-omos	pass-sū	pass-somos	pass-ūr	pass-omor	pass-sūr	pass-somor	#	B1										
endure	simple	2	present	pass-es	pass-ete	pass-ses	pass-sete	pass-etār	pass-ete	pass-setār	pass-sete	#											
endure	simple	3	present	pass-et	pass-ont	pass-set	pass-sont	pass-etor	pass-ontor	pass-setor	pass-sontor	#											
endure	simple	1	future	pass-siū	pass-siomos	—	—	pass-siūr	pass-siomor	—	—	#											
endure	simple	2	future	pass-sies	pass-siete	—	—	pass-sietār	pass-siete	—	—	#											
endure	simple	3	future	pass-siet	pass-siont	—	—	pass-sietor	pass-siontor	—	—	#											
endure	imperfective	1	past	pass-onna	pass-omes	—	—	pass-onnar	pass-omor	—	—	#											
endure	imperfective	2	past	pass-etās	pass-etē	—	—	pass-etār	pass-etē	—	—	#											
endure	imperfective	3	past	pass-eto	pass-onto	—	—	pass-etor	pass-ontor	—	—	#											
endure	perfective	1	past	❔	❔	❔	❔	pass-ā/-os immi	pass-ās/-oi emos	pass-ā/-os buiū	pass-ās/-oi buomos	#											
endure	perfective	2	past	❔	❔	❔	❔	pass-ā/-os ei	pass-ās/-oi esue	pass-ā/-os bues	pass-ās/-oi buete	#											
endure	perfective	3	past	❔	❔	❔	❔	pass-ā/-os essi	pass-ās/-oi sent	pass-ā/-os buet	pass-ās/-oi buont	#											
lay down	simple	1	present	log-īyū	log-īyomos	log-ān	log-āmas	—	—	—	—	#	C1										
lay down	simple	2	present	log-īs(i)	log-īte(s)	log-ās	log-āte	—	—	—	—	#											
lay down	simple	3	present	log-īt(i)	log-īyont(i)	log-āt	log-ānt	—	—	—	—	#											
lay down	simple	1	future	lox-syū 	lox-syomos	—	—	—	—	—	—	#											
lay down	simple	2	future	lox-syes	lox-syete	—	—	—	—	—	—	#											
lay down	simple	3	future	lox-syet	lox-syont	—	—	—	—	—	—	#											
lay down	imperfective	1	past	logī-yonna	logī-massi	—	—	—	—	—	—	#											
lay down	imperfective	2	past	logī-tās	logī-tes	—	—	—	—	—	—	#											
lay down	imperfective	3	past	logī-tu	logī-yontu	—	—	—	—	—	—	#											
lay down	perfective	1	past	—	—	—	—	—	—	—	—	#											
lay down	perfective	2	past	—	—	—	—	—	—	—	—	#											
lay down	perfective	3	past	—	—	—	—	—	—	—	—	#											
load	simple	1	present	lung-ū	lung-omos	lō xs-ou	lō xs-omo(s)	—	—	—	—	#	C2									#	C2
load	simple	2	present	lung-es(i)	lung-ete(s)	lō xs -es	lō xs-eté	—	—	—	—	#											
load	simple	3	present	lung-et(i)	lung-ont(i)	lō xs-(e)t	lō xs-int	—	—	—	—	#											
load	simple	1	future	liluxs-you	liluxs-yomo(s)	—	—	—	—	—	—	#					#						
load	simple	2	future	liluxs -yes	liluxs-yeté	—	—	—	—	—	—	#											
load	simple	3	future	libuxs-yet	liluxs-yont	—	—	—	—	—	—	#											
load	imperfective	1	past	❔	❔	—	—	—	—	—	—	#											
load	imperfective	2	past	❔	❔	—	—	—	—	—	—	#											
load	imperfective	3	past	❔	❔	—	—	—	—	—	—	#											
load	perfective	1	past	❔	❔	—	—	—	—	—	—	#											
load	perfective	2	past	❔	❔	—	—	—	—	—	—	#											
load	perfective	3	past	❔	❔	—	—	—	—	—	—	#											
eat	simple	1	present	ess-ū	ess-omos	ess-sū	ess-somos	ess-ūr	ess-omor	ess-sūr	ess-somor	#	B1										
eat	simple	2	present	ess-es	ess-ete	ess-ses	ess-sete	ess-etār	ess-ete	ess-setār	ess-sete	#											
eat	simple	3	present	ess-et	ess-ont	ess-set	ess-sont	ess-etor	ess-ontor	ess-setor	ess-sontor	#											
eat	simple	1	future	ess-siū	ess-siomos	—	—	ess-siūr	ess-siomor	—	—	#											
eat	simple	2	future	ess-sies	ess-siete	—	—	ess-sietār	ess-siete	—	—	#											
eat	simple	3	future	ess-siet	ess-siont	—	—	ess-sietor	ess-siontor	—	—	#											
eat	imperfective	1	past	ess-onna	ess-omes	—	—	ess-onnar	ess-omor	—	—	#											
eat	imperfective	2	past	ess-etās	ess-etē	—	—	ess-etār	ess-etē	—	—	#											
eat	imperfective	3	past	ess-eto	ess-onto	—	—	ess-etor	ess-ontor	—	—	#											
eat	perfective	1	past	❔	❔	❔	❔	ess-ā/-os immi	ess-ās/-oi emos	ess-ā/-os buiū	ess-ās/-oi buomos	#											
fall	simple	1	present	ced-ū	ced-omos	ced-sū	ced-somos	ced-ūr	ced-omor	ced-sūr	ced-somor	#	B1										
fall	simple	2	present	ced-es	ced-ete	ced-ses	ced-sete	ced-etār	ced-ete	ced-setār	ced-sete	#											
fall	simple	3	present	ced-et	ced-ont	ced-set	ced-sont	ced-etor	ced-ontor	ced-setor	ced-sontor	#											
fall	simple	1	future	ced-siū	ced-siomos	—	—	ced-siūr	ced-siomor	—	—	#											
fall	simple	2	future	ced-sies	ced-siete	—	—	ced-sietār	ced-siete	—	—	#											
fall	simple	3	future	ced-siet	ced-siont	—	—	ced-sietor	ced-siontor	—	—	#											
fall	imperfective	1	past	ced-onna	ced-omes	—	—	ced-onnar	ced-omor	—	—	#											
fall	imperfective	2	past	ced-etās	ced-etē	—	—	ced-etār	ced-etē	—	—	#											
fall	imperfective	3	past	ced-eto	ced-onto	—	—	ced-etor	ced-ontor	—	—	#											
fall	perfective	1	past	❔	❔	❔	❔	ceds-ā/-os immi	ceds-ās/-oi emos	ceds-ā/-os buiū	ceds-ās/-oi buomos	#											
fall	perfective	2	past	❔	❔	❔	❔	ceds-ā/-os ei	ceds-ās/-oi esue	ceds-ā/-os bues	ceds-ās/-oi buete	#											
fall	perfective	3	past	❔	❔	❔	❔	ceds-ā/-os essi	ceds-ās/-oi sent	ceds-ā/-os buet	ceds-ās/-oi buont	#											
fly	simple	1	present	et-ū	et-omos	et-sū	et-somos	et-ūr	et-omor	et-sūr	et-somor	#	B1										
fly	simple	2	present	et-es	et-ete	et-ses	et-sete	et-etār	et-ete	et-setār	et-sete	#											
fly	simple	3	present	et-et	et-ont	et-set	et-sont	et-etor	et-ontor	et-setor	et-sontor	#											
fly	simple	1	future	et-siū	et-siomos	—	—	et-siūr	et-siomor	—	—	#											
fly	simple	2	future	et-sies	et-siete	—	—	et-sietār	et-siete	—	—	#											
fly	simple	3	future	et-siet	et-siont	—	—	et-sietor	et-siontor	—	—	#											
fly	imperfective	1	past	et-onna	et-omes	—	—	et-onnar	et-omor	—	—	#											
fly	imperfective	2	past	et-etās	et-etē	—	—	et-etār	et-etē	—	—	#											
fly	imperfective	3	past	et-eto	et-onto	—	—	et-etor	et-ontor	—	—	#											
fly	perfective	1	past	❔	❔	❔	❔	et-ā/-os immi	et-ās/-oi emos	et-ā/-os buiū	et-ās/-oi buomos	#											
show	simple	1	present	deic-ū	deic-omos	deic-sū	deic-somos	deic-ūr	deic-omor	deic-sūr	deic-somor	#	B1										
show	simple	2	present	deic-es	deic-deice	deic-ses	deic-sdeice	deic-deicār	deic-deice	deic-sdeicār	deic-sdeice	#											
show	simple	3	present	deic-et	deic-ont	deic-sdeic	deic-sont	deic-deicor	deic-ontor	deic-sdeicor	deic-sontor	#											
show	simple	1	future	deic-siū	deic-siomos	—	—	deic-siūr	deic-siomor	—	—	#											
show	simple	2	future	deic-sies	deic-sideice	—	—	deic-sideicār	deic-sideice	—	—	#											
show	simple	3	future	deic-sideic	deic-siont	—	—	deic-sideicor	deic-siontor	—	—	#											
show	imperfective	1	past	deic-onna	deic-omes	—	—	deic-onnar	deic-omor	—	—	#											
show	imperfective	2	past	deic-deicās	deic-deicē	—	—	deic-deicār	deic-deicē	—	—	#											
show	imperfective	3	past	deic-deico	deic-onto	—	—	deic-deicor	deic-ontor	—	—	#											
show	perfective	1	past	❔	❔	❔	❔	deic-ā/-os immi	deic-ās/-oi emos	deic-ā/-os buiū	deic-ās/-oi buomos	#											
swim	simple	1	present	snā-iū	snā-mos	snā-n	snā-omos	snā-iūr	snā-mor	snā-r	snā-omor	#	A1										
swim	simple	2	present	snā-i	snā-te	snā-ii	snā-ite	snā-tar	snā-te	snā-itar	snā-ite	#											
swim	simple	3	present	snā-t	snā-nt	snā-it	snā-ont	snā-tor	snā-ntor	snā-itor	snā-ontor	#											
swim	simple	1	future	snā-siū	snā-siomos	—	—	snā-siūr	snā-siomor	—	—	#											
swim	simple	2	future	snā-sies	snā-siete	—	—	snā-sietar	snā-siete	—	—	#											
swim	simple	3	future	snā-siet	snā-siont	—	—	snā-sietor	snā-siontor	—	—	#											
swim	imperfective	1	past	snā-nna	snā-mes	—	—	snā-nnar	snā-mor	—	—	#											
swim	imperfective	2	past	snāt-ās	snā-tē	—	—	snāt-ār	snā-tē	—	—	#											
swim	imperfective	3	past	snā-to	snā-nto	—	—	snā-tor	snā-ntor	—	—	#											
swim	perfective	1	past	snā-ssū	snā-ssamos	snā-ssīn	snā-ssīmos	snāt-ā/-os immi	snāt-ās/-oi emos	snāt-ā/-os buiū	snāt-ās/-oi buomos	#											
swim	perfective	2	past	snā-sses	snā-ssate	snā-ssīs	snā-ssītē	snāt-ā/-os ei	snāt-ās/-oi esue	snāt-ā/-os bues	snāt-ās/-oi buete	#											
swim	perfective	3	past	snā-sset	snā-ssar	snā-ssīt	snā-ssīnt	snāt-ā/-os essi	snāt-ās/-oi sent	snāt-ā/-os buet	snāt-ās/-oi buont	#											
warm	simple	1	present	tā-iū	tā-iomos	tā-ān	tā-aomos	tā-iūr	tā-iomor	tā-ār	tā-āomor	#	B2										
warm	simple	2	present	tā-ies	tā-iete	tā-ais	tā-aite	tā-ietar	tā-iete	tā-āitār	tā-āite	#											
warm	simple	3	present	tā-iet	tā-iont	tā-ait	tā-aont	tā-ietor	tā-iontor	tā-āitor	tā-āontor	#											
warm	simple	1	future	tā-siū	tā-siomos	—	—	tā-siūr	tā-siomor	—	—	#											
warm	simple	2	future	tā-sies	tā-siete	—	—	tā-sietār	tā-siete	—	—	#											
warm	simple	3	future	tā-siet	tā-siont	—	—	tā-sietor	tā-siontor	—	—	#											
warm	imperfective	1	past	tā-ionna	tā-iomes	—	—	tā-ionnar	tā-iomor	—	—	#											
warm	imperfective	2	past	tā-ietās	tā-ietē	—	—	tā-ietār	tā-ietē	—	—	#											
warm	imperfective	3	past	tā-ieto	tā-ionto	—	—	tā-ietor	tā-iontor	—	—	#											
warm	perfective	1	past	tā-tū	tā-tomes	tā-sīn	tā-sīmos	tāt-ā/-os immi	tāt-ās/-oi emos	tāt-ā/-os buiū	tāt-ās/-oi buomos	#											
warm	perfective	2	past	tā-tes	tā-tete	tā-sīs	tā-sīte	tāt-ā/-os ei	tāt-ās/-oi esue	tāt-ā/-os bues	tāt-ās/-oi buete	#											
warm	perfective	3	past	tā-ti	tā-ton	tā-sīt	tā-sīnt	tāt-ā/-os essi	tāt-ās/-oi sent	tāt-ā/-os buet	tāt-ās/-oi buont	#											
watch	simple	1	present	uil-iū	uil-iomos	uil-ān	uil-aomos	uil-iūr	uil-iomor	uil-ār	uil-āomor	#	B2										
watch	simple	2	present	uil-ies	uil-iete	uil-ais	uil-aite	uil-ietar	uil-iete	uil-āiuilr	uil-āite	#											
watch	simple	3	present	uil-iet	uil-iont	uil-ait	uil-aont	uil-ietor	uil-iontor	uil-āitor	uil-āontor	#											
watch	simple	1	future	uil-siū	uil-siomos	—	—	uil-siūr	uil-siomor	—	—	#											
watch	simple	2	future	uil-sies	uil-siete	—	—	uil-sieuilr	uil-siete	—	—	#											
watch	simple	3	future	uil-siet	uil-siont	—	—	uil-sietor	uil-siontor	—	—	#											
watch	imperfective	1	past	uil-ionna	uil-iomes	—	—	uil-ionnar	uil-iomor	—	—	#											
watch	imperfective	2	past	uil-ieuils	uil-ietē	—	—	uil-ieuilr	uil-ietē	—	—	#											
watch	imperfective	3	past	uil-ieto	uil-ionto	—	—	uil-ietor	uil-iontor	—	—	#											
watch	perfective	1	past	uil-tū	uil-tomes	uil-sīn	uil-sīmos	uilt-ā/-os immi	uilt-ās/-oi emos	uilt-ā/-os buiū	uilt-ās/-oi buomos	#											
watch	perfective	2	past	uil-tes	uil-tete	uil-sīs	uil-sīte	uilt-ā/-os ei	uilt-ās/-oi esue	uilt-ā/-os bues	uilt-ās/-oi buete	#											
watch	perfective	3	past	uil-ti	uil-ton	uil-sīt	uil-sīnt	uilt-ā/-os essi	uilt-ās/-oi sent	uilt-ā/-os buet	uilt-ās/-oi buont	#											
work	simple	1	present	ureget-ū	ureget-omos	ureget-sū	ureget-somos	ureget-ūr	ureget-omor	ureget-sūr	ureget-somor	#	B1										
work	simple	2	present	ureget-es	ureget-uregete	ureget-ses	ureget-suregete	ureget-uregetār	ureget-uregete	ureget-suregetār	ureget-suregete	#											
work	simple	3	present	ureget-ureget	ureget-ont	ureget-sureget	ureget-sont	ureget-uregetor	ureget-ontor	ureget-suregetor	ureget-sontor	#											
work	simple	1	future	ureget-siū	ureget-siomos	—	—	ureget-siūr	ureget-siomor	—	—	#											
work	simple	2	future	ureget-sies	ureget-siuregete	—	—	ureget-siuregetār	ureget-siuregete	—	—	#											
work	simple	3	future	ureget-siureget	ureget-siont	—	—	ureget-siuregetor	ureget-siontor	—	—	#											
work	imperfective	1	past	ureget-onna	ureget-omes	—	—	ureget-onnar	ureget-omor	—	—	#											
work	imperfective	2	past	ureget-uregetās	ureget-uregetē	—	—	ureget-uregetār	ureget-uregetē	—	—	#											
work	imperfective	3	past	ureget-uregeto	ureget-onto	—	—	ureget-uregetor	ureget-ontor	—	—	#											
work	perfective	1	past	❔	❔	❔	❔	ureget-ā/-os immi	ureget-ās/-oi emos	ureget-ā/-os buiū	ureget-ās/-oi buomos	#											
climb	simple	1	present	dreng-ū	dreng-omos	drenx-sū	drenx-somos	dreng-ūr	dreng-omor	drenx-sūr	drenx-somor	#	B3										
climb	simple	2	present	dreng-es	dreng-ete	drenx-ses	drenx-sete	dreng-etār	dreng-ete	drenx-setār	drenx-sete	#											
climb	simple	3	present	dreng-et	dreng-ont	drenx-set	drenx-sont	dreng-etor	dreng-ontor	drenx-setor	drenx-sontor	#											
climb	simple	1	future	drenx-siū	drenx-siomos	—	—	drenx-siūr	drenx-siomor	—	—	#											
climb	simple	2	future	drenx-sies	drenx-siete	—	—	drenx-sietār	drenx-siete	—	—	#											
climb	simple	3	future	drenx-siet	drenx-siont	—	—	drenx-sietor	drenx-siontor	—	—	#											
climb	imperfective	1	past	dreng-onna	dreng-omes	—	—	dreng-onnar	dreng-omor	—	—	#											
climb	imperfective	2	past	dreng-etās	dreng-etē	—	—	dreng-etār	dreng-etē	—	—	#											
climb	imperfective	3	past	dreng-eto	dreng-onto	—	—	dreng-etor	dreng-ontor	—	—	#											
climb	perfective	1	past	dreg-ū	dreg-omes	tax-sīn	tax-sīimos	drext-ā/-os immi	drext-ās/-oi emos	drext-ā/-os buiū	drext-ās/-oi buomos	#											
climb	perfective	2	past	dreg-es	dreg-ete	tax-sīs	tax-sīte	drext-ā/-os ei	drext-ās/-oi esue	drext-ā/-os bues	drext-ās/-oi buete	#											
climb	perfective	3	past	dreg-i	dreg-on	tax-sīt	tax-sīnt	drext-ā/-os essi	drext-ās/-oi sent	drext-ā/-os buet	drext-ās/-oi buont	#											
appear	simple	1	present	dog-ū	dog-omos	dog-sū	dog-somos	dog-ūr	dog-omor	dog-sūr	dog-somor	#	B1										
appear	simple	2	present	dog-es	dog-ete	dog-ses	dog-sete	dog-etār	dog-ete	dog-setār	dog-sete	#	"lit. ""arrive"""										
appear	simple	3	present	dog-et	dog-ont	dog-set	dog-sont	dog-etor	dog-ontor	dog-setor	dog-sontor	#											
appear	simple	1	future	dog-siū	dog-siomos	—	—	dog-siūr	dog-siomor	—	—	#											
appear	simple	2	future	dog-sies	dog-siete	—	—	dog-sietār	dog-siete	—	—	#											
appear	simple	3	future	dog-siet	dog-siont	—	—	dog-sietor	dog-siontor	—	—	#											
appear	imperfective	1	past	dog-onna	dog-omes	—	—	dog-onnar	dog-omor	—	—	#											
appear	imperfective	2	past	dog-etās	dog-etē	—	—	dog-etār	dog-etē	—	—	#											
appear	imperfective	3	past	dog-eto	dog-onto	—	—	dog-etor	dog-ontor	—	—	#											
appear	perfective	1	past	❔	❔	❔	❔	dog-ā/-os immi	dog-ās/-oi emos	dog-ā/-os buiū	dog-ās/-oi buomos	#											
