chapter_id	entry_id	meaning	Basque_Phonemic	comment
1	100	world	'mü̃dü	
1	210	earth, land	lür	
1	212	earth=ground, soil	lür	
1	213	dust	er'hawc̷̣	
1	214	mud	'lohi	
1	215	sand	'hariɲa	From Latin 'arena'.
1	220	mountain, hill	'mɛ̃di; 'bortü	From Latin 'mons, tis'; 'high mountain' from Latin 'portus'.; From Latin 'mons, tis'; 'high mountain' from Latin 'portus'.
1	222	cliff, precipice	es'pũda; a'rolʸa	Respectively: also has the sense of 'slope'; 'gorge'.; Respectively: also has the sense of 'slope'; 'gorge'.
1	230	plain, field	ürü'pʰea	
1	240	valley	'ibar; 'naba	
1	250	island	'iṣla	From Gascon (Béarn) 'isla'.
1	270	shore	'ic̷̣aṣ 'baster	Lit. 'sea side'.
1	280	cave	'harpe	
1	310	water	hur	
1	320	sea	i'c̷̣aṣo	
1	322	calm (of sea)	'ãple	
1	323	rough (of sea)	gaic̷	
1	324	foam	'gahün	
1	360	river, stream, brook	ü'heic̷; e'reka	Mean 'small river; brook'.; Mean 'small river; brook'.
1	370	spring, well	ṣor'gia; ü'türi; 'ṣurṣa; pʰüc̷ü	Loanwords: 'spring; well'.; Loanwords: 'spring; well'.; Loanwords: 'spring; well'.; Loanwords: 'spring; well'.
1	380	swamp	'loṣko; 'mala	
1	390	waterfall	tʰu'ruṣta	
1	410	woods, forest	'oihan	
1	420	tree (cf 08.600)	sü'haɲ; sü'haɲc̷e	
1	430	wood	sur	
1	440	stone, rock	'hari; 'bočü	
1	450	earthquake	lür i'kʰara	
1	510	sky	'selü	From Latin 'caelum'.
1	520	sun	'ekʰi	
1	530	moon	argi'sagi	
1	540	star	'isar	
1	550	lightning	iɲ'hasi; či'mišta	
1	560	thunder	ü̃h'ülgü; ül'hü̃gü; 'dü̃da	
1	570	lightning (as striking)	ü̃h'ülgü	
1	580	storm	tɛ̃'peṣta	From Gascon (Béarn) 'tempeste'.
1	590	rainbow	o'sadar	
1	610	light (noun)	'argi	
1	620	darkness	ül'hü̃pe	
1	630	shade, shadow	'ic̷al	
1	640	dew	'ĩhĩc̷	
1	710	air	'aide	
1	720	wind	'aise	
1	730	cloud	o'dei	
1	740	fog	lan'hu; lanha'raide	Respectively: 'fog; mist'.; Respectively: 'fog; mist'.
1	750	rain (noun)	'ebi	
1	760	snow (noun)	'elhür	
1	770	ice	kʰa'ru	
1	780	weather	dɛ̃'bora; 'aro	From Latin 'tempora'.; From Latin 'tempora'.
1	810	fire	ṣü	Cf. 'fever' 04.841.
1	820	flame (noun)	gar	
1	830	smoke (noun)	kʰe	
1	840	ashes	hauc̷̣	
1	841	embers	'mura	
1	851	burn (vb trans)	'ere	
1	852	burn (vb intrans)	'ere	
1	860	light, kindle, ignite	pʰic̷	
1	861	extinguish	'eho	
1	870	match (noun)	alü'meta	
1	880	firewood	'egür	
1	890	charcoal	'egür 'ĩkʰac̷	
2	100	person, human being	'žɛ̃te	
2	210	man (vs. woman)	'gison	
2	220	woman	e'maste	
2	230	male	ar; 'kʰočo	Respectively; human; animal.; Respectively; human; animal.
2	240	female	ü'rüša	For animals only.
2	250	boy	po'tiko	
2	251	young man (adolescent)	mo'tʰiko	
2	260	girl	neṣka'čuna	
2	261	young woman (adolescent)	neṣka'tila	
2	270	child	haur	
2	280	infant, baby	haur'ɲi; ɲe'ɲe	
2	310	husband	'ṣenhar	
2	320	wife	e'maste; eṣ'puẓa	From Gascon (Béarn) 'espusa'.; From Gascon (Béarn) 'espusa'.
2	330	marry	'eskũt	
2	340	marriage, wedding	es'kũc̷e; es'tei	
2	341	divorce	di'borṣa; se'para	
2	350	father	'aita	
2	360	mother	'ama	
2	370	parents	eče'ko-a-k	
2	380	married man	'gison es'kũ-tü	
2	390	married woman	e'maste es'kũ-tü	
2	410	son	'ṣeme	
2	420	daughter	al'haba	
2	430	offspring (son or daughter)	haur	
2	440	brother	a'naie	
2	444	older brother	a'naie ge'hien	
2	450	sister	a'reba; ã'hispa	Respectively: 'sister of the brother; sister of the sister'.; Respectively: 'sister of the brother; sister of the sister'.
2	454	older sister	a'reba ge'hien; ã'hispa ge'hien	
2	456	sibling	aur'hide	
2	458	twins	bi'aškin	
2	460	grandfather	aita'ɲi; a'tʸatʸa	
2	461	old man	'šahar	
2	470	grandmother	ama'ɲi; a'mama	
2	471	old woman	'šahar	
2	480	grandson	ara'ṣeme	
2	490	granddaughter	aral'haba	
2	510	uncle	o'ṣaba	'Godfather' is egüs'aita.
2	511	mother's brother	a'ma-ren a'naie	
2	512	father's brother	ai'ta-ren a'naie	
2	520	aunt	'tãta	'Godmother' is egüs'ama.
2	521	mother's sister	a'ma-ren ã'hispa	
2	522	father's sister	ai'ta-ren a'reba	
2	530	nephew	'lʸoba	'Godson' is egüs'ṣeme.
2	540	niece	'lʸoba	'Goddaughter' is egüsal'haba.
2	550	cousin	koẓi; kü'süɲa	From Gascon (Béarn), respectively: (male) 'cousi'; (female) 'cousie'.; From Gascon (Béarn), respectively: (male) 'cousi'; (female) 'cousie'.
2	560	ancestors	lehene'ko-a-k	
2	570	descendants	õdo'ko-a-k; geo'ko-a-k	
2	630	son-in-law (of a man)	'ṣühi	
2	631	son-in-law (of a woman)	'ṣühi	
2	710	stepfather	aita'šün	
2	720	stepmother	ama'šün	
2	760	widow	alhar'güɲc̷̣a	
2	770	widower	al'hargün	
2	810	relatives, kinsmen	aṣka'sia-k	
2	820	family	fa'milia	
2	910	I	ni	
2	920	you (singular)	hi	
2	930	he/she/it	'hura	Means 'that one', demonstrative pronoun.
2	940	we	gü	
2	950	you (plural)	'siek	
2	960	they	hura-k	
3	110	animal	ka'bale; i'hise	Latter form means 'game'.; Latter form means 'game'.
3	120	male (adj)	'kʰočo; ar	
3	130	female (adj)	ü'rüša	
3	150	livestock	ka'bale	
3	160	pasture	baska'gia; alha'gia	
3	180	herdsman	i'c̷aɲ; ar'c̷aɲ	Latter form means 'shepherd'.; Latter form means 'shepherd'.
3	190	stable, stall	behi'tegi; ba'rükü; mãdo'tegi	Second form is 'cowshed'; latter form is 'stable'.; Second form is 'cowshed'; latter form is 'stable'.; Second form is 'cowshed'; latter form is 'stable'.
3	200	cattle (bovine)	ka'bale	
3	210	bull	'sesen	
3	220	ox	'idi	
3	230	cow	'behi	
3	240	calf	'šahal	
3	250	sheep	a'hari	A 'flock of sheep' is ar'tʰola'.
3	260	ram	ãha'c̷arc̷; 'maro	Latter form is rare.; Latter form is rare.
3	280	ewe	'ardi; a'reṣ	Latter form from Spanish 'res'.; Latter form from Spanish 'res'.
3	290	lamb	a'šuri	
3	320	boar	ba'ṣurde	
3	340	sow (2)	šer'hama	
3	350	pig	'urde	
3	360	goat	a'hü̃c̷	
3	370	he-goat	'akʰer	
3	380	kid	a'hüɲe	
3	410	horse (equine)	sa'mari	From Latin 'sagmarus'.
3	420	stallion	ga'raɲu	From Spanish 'garañón'.
3	440	mare	'bohor	
3	450	foal, colt	'podra	
3	460	ass, donkey	'aṣto	
3	470	mule	'mãdo	
3	500	fowl	pu'ralʸa	
3	520	cock, rooster	o'lʸara	
3	540	hen	'olʸo	
3	550	chicken	o'lʸaṣko	
3	560	goose	ã'c̷era	
3	570	duck	ã'hate	
3	580	nest	ka'bia	
3	581	bird	'čori	
3	583	heron	gilʸɛ̃'peṣka	From Gascon (Béarnais) 'guilhem-pesqué'.
3	584	eagle	a'rano	
3	586	vulture	'builtre	From Span. 'buitre'.
3	591	bat	gaiaɲ'hera	Lit. 'night swallow'.
3	592	parrot	pero'ket	
3	593	crow	'bele	
3	594	dove	ürso'šuri	Lit. 'white wood pigeon'.
3	596	owl	hü̃c̷	
3	610	dog	'čakür	
3	614	rabbit	lʸa'pi	
3	620	cat	ga'tʰü	From Latin 'catus'.
3	630	mouse, rat	'ṣagü; ara'tʰu	Respectively: 'mouse'; from Gascon (Béarn) 'ratou'.; Respectively: 'mouse'; from Gascon (Béarn) 'ratou'.
3	650	fish	a'raɲ	
3	655	shell	'küṣkü	
3	663	whale	ba'lena	
3	665	freshwater eel	aɲ'gera	
3	710	wolf	'oc̷̣o	
3	720	lion	'leho	From Latin 'leo, onis'.
3	730	bear	harc̷	
3	740	fox	a'šeri	
3	750	deer	or'kʰac̷	
3	760	monkey	či'mino	
3	770	elephant	ele'fãt	
3	780	camel	kʰa'melü	
3	810	insect	barba'lot	From Gascon (Béarn) 'barbalo'.
3	811	louse	'sori	
3	812	nit (louse egg)	barč	
3	813	flea	kü'küṣo	Diminutive from Span. 'coco' (worm).
3	816	cockroach	ka'far	
3	817	ant	üɲ'hüri	
3	818	spider	a'ɲarbe	
3	819	spider web	a'maɲ	
3	820	bee	'erle	
3	821	beeswax	'esko	
3	822	beehive	kʰo'baɲ	
3	823	wasp	lose'biɲa	
3	830	fly	'ülʸü	
3	831	sandfly (midge), gnat	'elčo	
3	832	mosquito	mus'tika	
3	840	worm	'ši'šari; har	Latter form is 'maggot'.; Latter form is 'maggot'.
3	850	snake	'ṣüge	
3	920	butterfly	papi'lʸu	
3	930	grasshopper	čiča'tera; lʸar'hote	
3	940	snail	ka'kolʸ	From Span. 'caracol'.
3	950	frog	'igel	
3	960	lizard	'ṣüṣkã'dera; 'ṣüṣker	
4	110	body	'kʰorpic̷	
4	120	skin, hide	'larü	
4	130	flesh	a'ragi	
4	140	hair (head)	'bilho	From Latin 'pilus'.
4	142	beard	'bisar	
4	144	body hair	'bilho	
4	145	pubic hair	'üskü 'bilho	
4	146	dandruff	'sahi	
4	150	blood	'odol	
4	151	vein, artery	saɲ	
4	160	bone	'esür	
4	162	rib	'ṣaihec̷̣ 'esür	Lit. 'side bone'.
4	170	horn	'adar	
4	180	tail	'büstan	
4	190	back	'biskar	
4	191	spine	'biskar 'esür	Lit. 'back bone'.
4	200	head	'bürü	
4	201	side of head, temple	lu	
4	202	skull	bü 'esür	Lit. 'head bone'.
4	203	brain	hün	
4	204	face	begi'tʰarte	
4	205	forehead	be'lar	
4	207	jaw	ba'ralʸa	
4	208	cheek	ma'tʰela; ma'šela	
4	209	chin	'bidar	
4	210	eye	'begi	
4	212	eyebrow	be'pʰürü	
4	213	eyelid	'begi 'espal	
4	214	eyelash	'begi 'bilho	
4	215	blink	ereṣ'kiɲa	
4	220	ear	be'hari	
4	221	earlobe	be'hari 'espal	Lit. ear's ?'. (see 04.213)
4	222	earwax	be'hari 'kʰaka	Lit. 'ear's excrement'.
4	230	nose	'ṣüdür	
4	231	nostril	'ṣüdür 'silo	
4	232	mucus (nasal)	c̷ĩc̷	
4	240	mouth	'aho	
4	241	beak	'moṣko	
4	250	lip	es'paɲ	
4	260	tongue	'mihi	
4	270	tooth	horc̷	
4	271	gums	žã'c̷iba	
4	272	molartooth	'hagin	
4	280	neck	'lepʰo	
4	281	nape of neck	gar'kʰoče	
4	290	throat	'sünc̷ür	
4	300	shoulder	ṣuɲ; eṣ'palda	From Gascon (Béarn) 'espalle'.; From Gascon (Béarn) 'espalle'.
4	301	shoulderblade	ṣor'balda	Also may refer to 'shoulder of pig'.
4	310	arm	'beṣo	
4	312	armpit	be'ṣape	
4	320	elbow	be'ṣaɲko	
4	321	wrist	ü'kʰarai; pü'ɲeta	
4	330	hand	'eṣkü	
4	331	palm of hand	'ahür	
4	340	finger	'ehi	
4	342	thumb	be'hac̷	
4	344	fingernail	asüs'külü	
4	345	claw	as'tapar	
4	350	leg	'sãkʰo	
4	351	thigh	'aspi	
4	352	calf of leg	'sãkʰo 'sagar	Lit. 'leg apple'.
4	360	knee	bel'haɲ	
4	370	foot	huɲ	
4	371	ankle	'astal be'hari	Lit. 'heel ear' 04.372+04.220.
4	372	heel	'astal	
4	374	footprint	'sãkʰo he'reša	
4	380	toe	sã'kʰo-ko 'ehi	Lit. 'foot's finger'.
4	392	wing	'hegal	
4	393	feather	'lüma	
4	400	chest	'bulhar	
4	410	breast (of woman)	'tʰiti	
4	412	nipple, teat	'tʰiti 'pʰü̃ta; 'tʰiti 'moṣko	Respectively: 'nipple point'; nipple beak' 04.241.; Respectively: 'nipple point'; nipple beak' 04.241.
4	420	udder	he'rape	
4	430	navel	pi'kʰoṣte	
4	440	heart	'bihoc̷	
4	441	lung	'gibele'rai	
4	450	liver	'gibel	
4	451	kidney	e'raɲ	
4	452	spleen	'bahe	
4	460	stomach	'ṣabel; eṣto'mak	
4	461	intestines, guts	'erše	
4	462	waist	ge'riko	
4	463	hip	'ãka	
4	464	buttocks	'üskü ma'tʰela	Lit. 'bottom cheek' 04.208.
4	470	womb	hü'moi	
4	490	testicle	koṣ'koi	
4	492	penis	'pito	
4	510	breathe, breath	'hac̷̣har	
4	520	yawn, gape	aharauṣ egin; ãhã'rauṣ 'egin	'egin means 'to do, to make'.; 'egin means 'to do, to make'.
4	521	hiccough	'šotʰen 'egin	
4	530	cough	'estü'l egin	
4	540	sneeze	ür'ṣa'ɲ egin	
4	550	perspire	i'serdi	
4	560	spit	tʰü 'egin	
4	570	vomit	'goiti'urtʰuk	
4	580	bite	'uṣuk	
4	590	lick	mi'lʸika	
4	591	dribble	'elder; 'bahü'c̷̣ egin	Latter form means 'to slobber (dog)'.; Latter form means 'to slobber (dog)'.
4	610	sleep	lo; lo 'egin	Baby talk form is 'buba.; Baby talk form is 'buba.
4	612	snore	ku'rũka	
4	620	dream	'ame'c̷̣ egin	
4	630	wake up	'iac̷ar	
4	640	break wind	'üske'r egin	
4	650	urinate	'pʰiša 'egin	
4	660	defecate	'kʰaka 'egin	
4	670	have sexual intercourse	či'koka	
4	680	shiver	i'kʰa	
4	690	bathe	'maɲha	
4	710	beget (of father)	hau'r egin	
4	720	born (to be)	ṣor	
4	730	pregnant	'isor; haur eṣ'pãča-n	Means 'in the hope of a child'.; Means 'in the hope of a child'.
4	732	conceive	hau'r-egin	
4	740	live, living, life	'bizi	
4	750	die, dead	hil	
4	751	drowned	'itʰo	
4	760	kill	'eho	
4	770	corpse	hil	Also means 'dead'.
4	780	bury (the dead)	'ehorc̷	
4	790	grave, tomb	'hobe	
4	810	strong, mighty, powerful	'askar	
4	820	weak	'flakü; 'ahül	
4	830	well, health	oṣa'gari	
4	840	sick, sickness	'eri; eri'tarsün	
4	841	fever	'ṣükʰar	Cf. 'fire' 01.810.
4	842	goiter	'lepʰo 'hãdi	Lit. 'neck big'.
4	843	cold (catarrh)	mar'hãta	
4	850	wound, sore	bleṣa'düa; sauri'düa	
4	852	bruise	mãkʰa'düa; odolüi'kua	
4	853	swelling	hã'küa	
4	854	itch	hac̷; hasku'diɲa	
4	855	blister	küṣ'külʸü	
4	856	boil (noun)	üčü'lari	
4	857	pus	ma'teria	
4	858	scar	he'reša	
4	860	cure, heal	'ṣɛ̃do	
4	870	physician	bede'zi	From Gascon (Béarn) 'medeci'
4	880	medicine, drug	ereme'dio	
4	890	poison	pʰu'su	From Gascon (Béarn) 'pousou'.
4	910	tired, weary	akʰi'düra; 'eɲhe	
4	912	rest	'pʰauṣa	
4	920	lazy	'auher	
4	930	bald	büpe'lat	
4	940	lame	'čaɲkü	From Gascon (Bigorre) 'chancu'.
4	950	deaf	gor	
4	960	mute	'mütü	
4	970	blind	'üc̷̣ü	
4	980	intoxicated	'moskor; 'briu	
4	990	naked, bare	pika'rai	
5	110	eat	žan	
5	120	food	žan-'hari	
5	121	cooked	e're-ik	
5	122	raw	'gordin	
5	123	ripe	'sohi; hun-'tü-ik	
5	124	green, unripe	'berde; es'hũ-tü	Latter form, lit. 'no ripened'.; Latter form, lit. 'no ripened'.
5	125	rotten	hi'ro-tü	
5	130	drink	'edan	
5	140	hunger	'goṣe	
5	141	famine	go'ṣeria	
5	150	thirst	e'gari	
5	160	suck	'murc̷a	
5	180	chew	maṣ'teka	
5	181	swallow	'gaɲti	
5	190	choke	eṣ'tofi	
5	210	cook	'ere	
5	220	boil (vb)	e'raki; e'goṣi	Respectively: 'boiled water; boiled vegetable/ meat'.; Respectively: 'boiled water; boiled vegetable/ meat'.
5	230	roast, fry	'ere-ar'asi; 'friẓi	
5	240	bake	la'be-an 'ere-a'rasi	Means 'to cook in the oven'.
5	250	oven	'labe	
5	260	pot, cooking vessel	tʰi'piɲa	From Gascon (Béarn) 'toupi'.
5	280	pan	ka'šola	From Span. or Gascon (Béarn) 'cassole'.
5	310	dish	plat	
5	320	plate	'sieta	
5	330	bowl	bol; ga'tʰülü	Latter form means 'wooden bowl', and is now extinct.; Latter form means 'wooden bowl', and is now extinct.
5	340	pitcher, jug	pe'gar; fe'reta	Latter form refers to a large copper pitcher with wood inside.; Latter form refers to a large copper pitcher with wood inside.
5	350	cup, drinking vessel	'tʰasa	
5	360	saucer	su'kupa	
5	370	spoon	küĩ'lʸera	
5	380	knife (2)	na'bela	From Span. 'navaja'.
5	390	fork (2)	fur'šeta	
5	391	tongs	eṣpĩ'četa; mašü'külü	Latter form means 'tongs to catch chestnut burrs'.; Latter form means 'tongs to catch chestnut burrs'.
5	410	meal (a)	a'paidü	
5	420	breakfast	aṣ'kari	
5	430	lunch	bas'kari	
5	440	dinner	ai'hari	
5	450	supper	ai'hari	
5	460	peel	šui; 'pela	
5	470	sieve, strain	i'garan	
5	480	scrape	kʰa'raka	
5	490	stir, mix	'nahaṣ; 'boti	
5	510	bread	'ogi; pʰa'pa	Latter form is baby talk to children.; Latter form is baby talk to children.
5	530	dough	'pʰaṣta; 'orhe	
5	540	knead	'oha	
5	550	meal, flour	'irin	
5	560	crush, grind	'šehek	
5	570	mill	ei'hera	
5	610	meat	a'ragi; či'či	Latter form is baby talk to children.; Latter form is baby talk to children.
5	630	sausage	lü'kʰaɲka	From Latin 'lucanica'.
5	640	soup, broth	'sopa; 'ṣalda	
5	650	vegetables	le'güma	
5	660	bean	'ilhar	
5	700	potato	puma'tera; lür 'ṣagar	Latter form is rare, lit. 'earth potato'.; Latter form is rare, lit. 'earth potato'.
5	710	fruit	'früta	
5	750	fig	'pʰiko	From Latin 'ficus'.
5	760	grape	'mãhac̷̣	
5	770	nut	ĩ'c̷aur	
5	780	olive	oli'va	Non-assimilated loanword, with sound [v] foreign to Basque.
5	790	oil	o'lio	From Latin 'oleum'.
5	791	grease, fat	'urin; 'gisen; gãc̷	Latter form is 'belly's grease'.; Latter form is 'belly's grease'.; Latter form is 'belly's grease'.
5	810	salt	gac̷	
5	820	pepper	'pʰiper belc̷	Lit. '(hot) pepper black'.
5	821	chili pepper	'pʰiper	
5	840	honey	'esti	
5	850	sugar	'ṣükre	
5	860	milk (noun)	es'ne	
5	870	milk (vb)	'iec̷̣i	
5	880	cheese	gaz'na; ɲa'ɲa	Latter form is baby talk to children.; Latter form is baby talk to children.
5	890	butter	'büra	
5	900	beverage, drink	e'dari	
5	920	wine	ar'du	
5	930	beer	'biera	
5	970	egg	a'rauc̷e	
5	971	egg yolk	go'rĩko	
6	110	put on (clothes)	žaunc̷̣	
6	120	clothing, clothes	a'ropa	From Span. or from Gascon (Béarn) 'ropo'.
6	130	tailor	ta'lʸür	
6	210	cloth	'oihal	
6	220	wool	'ilhe	
6	230	linen, flax	li	
6	240	cotton	ku'tu	
6	250	silk	'seta	From Span.'seda'.
6	280	fur	fu'rüa	
6	290	leather	'larü	
6	310	spin	'ürüt	
6	320	spindle	'ardac̷	
6	330	weave	'ehün	
6	350	sew	žoṣ	
6	360	needle	o'rac̷	
6	370	awl	pũ'ču	From Gascon (Béarn) 'pountchou'.
6	380	thread	'hari	
6	390	dye	'tĩta	
6	410	cloak	'kapa; pele'rina	
6	420	woman's dress	'saia	
6	430	coat	pele'rina; 'kapa; mã'to	Latter from French 'manteau'.; Latter from French 'manteau'.; Latter from French 'manteau'.
6	440	shirt	'mãtʰar; a'tʰora	Respectively: woman's shirt; man's shirt.; Respectively: woman's shirt; man's shirt.
6	450	collar	kol	
6	460	skirt	kota-pi'lʸot; 'kota	Respectively: 'petticoat'; from Span. 'cota' or from Gascon (Béarn) 'cote'.; Respectively: 'petticoat'; from Span. 'cota' or from Gascon (Béarn) 'cote'.
6	480	trousers	pãta'lu-a-k	
6	490	stocking, sock	'galc̷a; šo'seta	
6	510	shoe	'oṣki; huɲe'tako	
6	520	boot	'bota	
6	540	shoemaker, cobbler	'oṣki-'gile	
6	550	hat, cap	ča'pel; kas'keta; bu'nɛt	Latter form is 'Basque beret'.; Latter form is 'Basque beret'.; Latter form is 'Basque beret'.
6	570	belt, girdle	sĩ'türa; 'gena	
6	580	glove	'eṣkü mã'ču; 'eṣkü 'larü	Latter form is 'leather glove'.; Latter form is 'leather glove'.
6	590	veil	'buela	
6	610	pocket	ṣa'kola	
6	620	button	bu'tʸu	
6	630	pin	iški'lĩba; iški'lima	
6	710	ornament, adornment	orna'mĩtü	
6	720	jewel	ürhe'ria	Means 'gold jewelry'; previously jewels were made of gold.
6	730	ring (for finger)	e'hastün	
6	740	bracelet	brasə'let	Non-integrated loanword; /ə/ is not a Basque phoneme or sound.
6	750	necklace	ku'lie; üs'tei	Latter form is for animals.; Latter form is for animals.
6	760	bead	'bihi	
6	770	earring	pɛ̃'dɛ̃t	
6	780	headband, headdress	'kʰua	
6	810	handkerchief, rag	muka'naṣ; buka'naṣ	From Gascon (Béarn) mouca-nas 'nose-blower'.; From Gascon (Béarn) mouca-nas 'nose-blower'.
6	820	towel	ser'vieta; čüka'de	Latter form is 'dish towel', from Gascon (Béarn) chuca 'to dry'.; Latter form is 'dish towel', from Gascon (Béarn) chuca 'to dry'.
6	910	comb	o'rase	
6	920	brush	'brosa	
6	921	braid	'trena	
6	930	razor	'bisar na'bela	Lit. 'beard's knife'.
6	940	ointment	pu'mada	
6	950	soap	ša'bu	From Gascon (Béarn) sabou.
6	960	mirror	mi'rai	From Gascon Béarn miralh.
7	110	dwell, live	'bisi	
7	120	house	'eče	
7	130	hut	e'čola	
7	131	garden-house	ka'bana	
7	140	tent	'tãta	
7	150	yard, court	ba'rio	From Span. 'barrio'.
7	170	cookhouse	'ṣükʰalte	
7	210	room	'ṣala	
7	220	door, gate	'bortʰa	From Latin 'borta'.
7	230	lock (noun)	kade'nat	
7	231	latch, door-bolt	gilc̷a'rapʰo	
7	240	key	gilc̷	
7	250	window	'leiho	
7	260	floor	tau'lada; lür	Respectively: 'wooden floor, ' from Gascon (Béarn) taulade; 'earth floor' 01.212.; Respectively: 'wooden floor, ' from Gascon (Béarn) taulade; 'earth floor' 01.212.
7	270	wall	'mürü; pʰa'rete	Respectively: from Latin 'murus'; from Span. 'pared'.; Respectively: from Latin 'murus'; from Span. 'pared'.
7	310	fireplace	ṣü'tʰõdo	
7	320	stove	'labe	
7	330	chimney	čimi'nia	
7	370	ladder	'sübü	
7	420	bed	'ohe	
7	421	pillow	'bürü'negi	
7	422	blanket	eṣ'talgi; kuber'türa	
7	430	chair	kai'dera; žar'gia; tʸotʸogia	First two mean 'chair; seat'.; First two mean 'chair; seat'.; First two mean 'chair; seat'.
7	440	table	ma'haɲ	
7	450	lamp, torch	'lãpa	
7	460	candle	'siho; kʰã'dera; 'esko	Latter form refers to 'funeral candle'.; Latter form refers to 'funeral candle'.; Latter form refers to 'funeral candle'.
7	470	shelf	eṣ'taže	
7	480	trough	'aṣka; ma'kʰiɲa	Respectively: 'trough to knead bread; t. for animal food', from Vulgar Latin 'baccina'.; Respectively: 'trough to knead bread; t. for animal food', from Vulgar Latin 'baccina'.
7	510	roof	he'gac̷	
7	520	thatch	'laṣto he'gac̷	Lit. 'straw roof'.
7	540	rafter	ṣo'liba	From old Gascon (Béarn) solibe.
7	550	beam	ṣu'me	
7	560	post, pole	'kʰolte	'Pole' from Latin 'cultrum',
7	570	board	'taula	
7	580	arch	'arkü	
7	610	mason	'hargin	
7	620	brick	'brika	
7	630	mortar	mur'te	From Gason (Béarn) mourte.
8	110	farmer	labo'rari	
8	120	field (for cultivation)	elge; 'alhor	
8	130	garden	ba'rac̷e	
8	150	cultivate, till	'üc̷ül	
8	160	fence	še'hela; ke'helʸa	
8	170	ditch	'silo	
8	210	plow	bra'bãt; 'golde'nabar	From Latin 'culter'.; From Latin 'culter'.
8	212	furrow	'ildo	
8	220	dig	'sila; 'haic̷ür	Respectively: 'dig; dig with a mattock'.; Respectively: 'dig; dig with a mattock'.
8	230	spade	üc̷ül-'c̷e-ko 'pʰala; 'haic̷ür-'c̷e-ko 'pʰala	Respectively: shovel for till; s. for dig.; Respectively: shovel for till; s. for dig.
8	240	shovel	'pʰala	
8	250	hoe	žo'rai	
8	260	fork	'ṣarde	
8	270	rake	areṣ'telü	From Gascon (Béarn) arrestelo.
8	310	sow	e'reɲ	
8	311	seed	'bihi; 'asi	Respectively: 'grain; seed'.; Respectively: 'grain; seed'.
8	320	mow, reap	muc̷; bil; i'raiki	Respectively, first form 'mow'; latter forms 'reap'.; Respectively, first form 'mow'; latter forms 'reap'.; Respectively, first form 'mow'; latter forms 'reap'.
8	330	sickle, scythe	'dalʸü; iga'tei	First form is from Gascon (Béarn) 'scythe' dalha. Also aihoc̷ 'billhook'.; First form is from Gascon (Béarn) 'scythe' dalha. Also aihoc̷ 'billhook'.
8	340	thresh	o'gi-a žo	Lit. 'to hit wheat'.
8	410	crop, harvest	'üsta	
8	420	grain (barley, oats etc)	'bihi	
8	430	wheat	'ogi	
8	440	barley	'gagar	
8	450	rye	ṣe'kʰale	
8	460	oats	'olho	
8	470	maize, corn	'artʰo	
8	480	rice	e'riz	
8	510	grass	'belhar	
8	520	hay	'belhar 'idor; ar'dalʸ	Respectively: 'dry grass; second crop'.; Respectively: 'dry grass; second crop'.
8	530	plant (noun)	lã'tʰare	
8	531	plant (vb)	'lãtʰa	
8	540	root	'ero	
8	550	branch	'adar	
8	560	leaf	'oṣto	
8	570	flower	'lili	
8	600	tree	sü'haɲ; sü'haɲc̷e	Latter form is rare.; Latter form is rare.
8	610	oak	'harič	Latter form also means 'reed'.
8	620	beech	'bago	From Latin 'fagus'.
8	630	birch	'bürkʰi	
8	640	pine	'pʰino	From Latin 'pinus'.
8	650	fir	i'sei	
8	660	acorn	si	
8	670	vine	'aihen	
8	680	tobacco	ta'bak	
8	690	smoke (tobacco)	'pipa	
8	691	pipe	'pipa	
8	720	tree stump	'nadi; sü'haɲ 'õdo	Latter form, lit. 'tree strump' 01.420.; Latter form, lit. 'tree strump' 01.420.
8	730	tree trunk	'ü̃kʰü	
8	740	forked branch	ma'čaro	
8	750	bark	'ašal	
8	760	sap	ṣapa	From Gascon (Béarn) sape.
8	810	palm tree	pal'mie	
8	830	citrus fruit	si'tru	
8	840	banana tree	bana'nac̷e	
8	931	pumpkin, squash	'kʰülʸa	From Gascon (Béarn) cuye.
8	940	bamboo	bã'bu; kana'bea	
8	970	nettle	'aṣün	
8	980	mushroom	'õdʸo	
9	110	do, make	'egin	
9	120	work	lan 'egin	Lit. 'to do work'. Also lãtʰ, refers to work on a material: to hew, to cut, to fashion, to sleek, etc.
9	140	bend	'kʰüpüc̷̣	
9	150	fold	'plega	
9	160	tie, bind	eṣ'teki	
9	161	untie	'laša	From a Romance language 'lacha'.
9	180	chain	kʰa'tia	
9	190	rope, cord	'kʰorda; 'ṣoka	Latter form is 'large rope'.; Latter form is 'large rope'.
9	192	knot (noun)	oro'pilo; nüt	Respectively: used for rope; used for ribbon, lace.; Respectively: used for rope; used for ribbon, lace.
9	210	strike (hit, beat)	žo	
9	211	pound with fist	kʰü'milʸa 'kaṣka; kʰü'milʸa 'kʰaldü	Lit. 'fist pound'.; Lit. 'fist pound'.
9	220	cut	muc̷; 'etʰen	Latter form means 'to rip (thread, rope)' intransitive verb.; Latter form means 'to rip (thread, rope)' intransitive verb.
9	221	cut down	e'goči	
9	222	chop, hew	'pʰika; muc̷	
9	230	knife	na'bela; gani'bet	Respectively: from Span. 'navaja'; 'large knife', from Gascon (Béarn) 'ganibet'.; Respectively: from Span. 'navaja'; 'large knife', from Gascon (Béarn) 'ganibet'.
9	240	scissors, shears	'haištür	
9	250	ax	aš'kora	
9	260	break	hauc̷̣	
9	261	broken	hau'c̷̣-erik	
9	270	split	er'dira; eṣ'kalʸa	
9	280	tear	'üra	
9	290	flay, skin	'larü; lahar'deki	
9	310	rub, wipe	'freta; 'čüka; 'buša	Respectively: from Gascon (Béarn) 'freta'; from Gascon (Béarn) 'chuca'; means 'to wipe'.; Respectively: from Gascon (Béarn) 'freta'; from Gascon (Béarn) 'chuca'; means 'to wipe'.; Respectively: from Gascon (Béarn) 'freta'; from Gascon (Béarn) 'chuca'; means 'to wipe'.
9	320	stretch	'heda	
9	330	pull	'tʰira	
9	340	spread out	ba'rea	From Gascon (Béarn) 'barreja'.
9	341	hang up	čilĩ'čau	
9	342	press	'iuški	
9	343	squeeze, wring	'tĩka	
9	350	pour	i'šuri	
9	360	wash	'šãhã; 'lac̷̣a; 'ükʰüs; begi'tʰarta	Respectively: 'wash; to wash (cloth); to wash oneself (reflexive) or something with water; to wash face' 04.204.; Respectively: 'wash; to wash (cloth); to wash oneself (reflexive) or something with water; to wash face' 04.204.; Respectively: 'wash; to wash (cloth); to wash oneself (reflexive) or something with water; to wash face' 04.204.; Respectively: 'wash; to wash (cloth); to wash oneself (reflexive) or something with water; to wash face' 04.204.
9	370	sweep	er'hasta	
9	380	broom	er'hac̷	
9	422	tool	'arma; 'treṣna	Latter form means 'device' from Span. 'tresna'.; Latter form means 'device' from Span. 'tresna'.
9	430	carpenter	maiaṣ'türü	From Latin 'magistrum'.
9	440	build	'egin; 'baṣti	
9	460	bore	'sila	
9	461	hollow out	'sila	
9	480	saw	'ṣega	
9	490	hammer	mar'telʸü	
9	500	nail	'ic̷e	
9	560	glue	'kola	
9	600	smith, blacksmith	'aroc̷	
9	610	forge	bür'düɲa žo	Lit. 'to hit iron'.
9	620	anvil	ü̃'kʰüdü	From Latin 'incudem'.
9	630	cast (metals)	'mulda	
9	640	gold	'ürhe	
9	650	silver	'silhar	
9	660	copper, bronze	'kobre; 'brũza	
9	670	iron	'bürdüɲ	
9	680	lead (noun)	'plomü	
9	690	tin, tinplate	es'taɲü	
9	710	potter	'ũc̷i 'egile	Lit. 'pot maker'.
9	720	mold (clay etc)	'molda	
9	730	clay	lür 'holʸi	Lit. 'earth yellow' 01.212; 15.690.
9	740	glass	'bitre	
9	750	weave, plait	'trena	
9	760	basket	'sare	
9	771	rug	ta'pis	
9	780	netbag	'šare; fi'let	Respectively: fishnet; little net.; Respectively: fishnet; little net.
9	790	fan (noun)	eṣbã'tai	
9	791	fan (vb)	ai'seṣta; ai'deṣta	
9	810	carve	si'zela	
9	820	sculptor	size'lari	
9	830	statue	esta'tüa	
9	840	chisel	haiš'tür	
9	880	paint (noun)	pĩ'trü	
9	890	paint (vb)	'pĩtra	
10	110	move	'igi	
10	120	turn over	'üc̷ül; ü̃'güra	
10	130	turn around	ü̃'güra	
10	140	wind, wrap	biri'bilka	
10	150	roll	üc̷ü'lika	
10	160	drop (vb)	eror'tera 'üc̷i	Means 'to let fall'.
10	170	twist	'bühür; bü'hüri; 'okʰer	
10	210	rise	i'gan; 'goiti žun	Respectively: 'to go up; rise'.; Respectively: 'to go up; rise'.
10	220	raise, lift	'čüti; žeiki; 'alča; 'iraiki	Borrowed form from Span.'alzar'. Final form means 'to raise something'.; Borrowed form from Span.'alzar'. Final form means 'to raise something'.; Borrowed form from Span.'alzar'. Final form means 'to raise something'.; Borrowed form from Span.'alzar'. Final form means 'to raise something'.
10	230	fall	'eror	
10	240	drip	ko'tea; 'čorta	
10	250	throw	ur'tʰuki	
10	252	catch (ball)	a'c̷aman	
10	260	shake	'igi; ĩha'rauṣ	
10	320	flow	i'šuri; 'kuri	Respectively: flow (from barrel); flow (river).; Respectively: flow (from barrel); flow (river).
10	330	sink	'itʰo	
10	340	float	ige'riška	
10	350	swim	ige'riška	
10	351	dive	hur-pe-a-'lat 'žausi	Lit. 'to jump into (under) the water'.
10	352	splash	ča'paṣta; čala'puṣta	
10	360	sail (vb)	ũ'c̷i-s žun	Lit, 'to go by boat'; the Souletin are mountain people, who do not sail.
10	370	fly (vb)	he'galta	
10	380	blow	'buha	From Gascon (Béarn) 'buha'.
10	410	creep, crawl	he'reṣta; laha'poka	Respectively: crawl; walk on all fours.; Respectively: crawl; walk on all fours.
10	412	kneel	be'laika	
10	413	crouch	ko'kot	
10	420	slide, slip	'lera	
10	430	jump, leap	'žausi	
10	431	kick	oṣti'kata 'eman	Lit. 'to give kick'.
10	440	dance	'dãc̷a	
10	450	walk	'ebil	
10	451	limp	čaɲ'kʰüka	
10	460	run	laṣ'terka	
10	470	go	žun	
10	471	go up	i'gan	
10	472	climb	i'gan; 'goiti žun	
10	473	go down	'erač	
10	474	go out	'elkʰi; i'doki	
10	480	come	žin	
10	481	come back	aražin; 'üc̷ül	First form contains Latin prefix 're-'.; First form contains Latin prefix 're-'.
10	490	go away, depart	žun; pʰarti	
10	491	disappear	gal	
10	510	flee	es'kapa; ĩ'heṣ žun	Latter form is rare.; Latter form is rare.
10	520	follow	ža'raiki	
10	530	pursue	õ'do-tik ža'raik	Lit. 'to follow nearby'.
10	550	reach, arrive	hel	
10	560	approach	'hülʸãt	
10	570	enter	ṣar	
10	610	carry (bear)	e'raman; kʰa'rea	Latter form means 'to transport'.; Latter form means 'to transport'.
10	612	carry-in-hand	eṣ'kü-a-n e'raman	Lit. 'to carry-in-hand'.
10	613	carry-on-shoulder	eṣpal'da-n e'raman	Lit. 'to carry-on-shoulder'.
10	614	carry-on-head	bü'rü-a-n e'raman; kõka'čea-n e'raman	Respectively: 'to carry-on-head; to carry-on-nape astride'.; Respectively: 'to carry-on-head; to carry-on-nape astride'.
10	615	carry-underarm	beṣa 'pe-a-n e'raman	Lit. 'to carry-underarm'.
10	620	bring	'ekʰar	
10	630	send	'igor	
10	640	lead (vb)	'lagü̃t	
10	650	drive	'gida	
10	660	ride	sal'dika	
10	670	push, shove	'pʰuṣa	
10	710	road	'bide	
10	720	path	'ṣɛ̃da	From Span. 'senda'.
10	740	bridge	'sübü	
10	750	carriage, wagon, cart	ba'gu; 'orga; ča'riot	Respectively: 'carriage; cart; little cart with bars'.; Respectively: 'carriage; cart; little cart with bars'.; Respectively: 'carriage; cart; little cart with bars'.
10	760	wheel	e'rota	From Latin 'rota'.
10	770	axle	'nac̷a	
10	780	yoke	üs'tari	
10	810	ship	'ũc̷i	
10	830	boat	'ũc̷i	
10	910	harbor, port	'portü	
11	110	have	'ükʰen	
11	120	own, possess	'ükʰen	
11	130	take	har	
11	140	seize, grasp	a'c̷aman	
11	150	hold	'eček	
11	160	get, obtain	'ükʰen; ar'diec̷̣	Latter form is rare.; Latter form is rare.
11	170	keep, retain	be'gira; 'eček	
11	180	thing	'gaisa	From Latin 'causa'.
11	210	give	'eman	
11	220	give back	e'rɛ̃da; ere'meti	
11	240	preserve, look after	be'gira	
11	250	save, rescue	'ṣalba	
11	270	destroy	de'ṣegin; hauc̷̣	Lit. 'to undo'; borrowed prefix is from Latin 'dis-'. Latter form 'to break'.; Lit. 'to undo'; borrowed prefix is from Latin 'dis-'. Latter form 'to break'.
11	280	harm, injure, damage	pʰo'roki	
11	310	seek, look for	'čerka; 'ikʰer	Respectively: 'look for; search'.; Respectively: 'look for; search'.
11	320	find	a'c̷aman; e'diren	
11	330	lose	gal	
11	340	release, let go	'libra	
11	430	money	ṣoṣ	
11	440	coin	šehe; pa'trako	
11	510	rich	a'berac̷̣	
11	520	poor	'praue	From Gascon (Béarn) 'praube'.
11	530	beggar	bil'c̷ale; amui'nero	
11	540	avaricious, stingy	'šekʰen	
11	610	lend	'pʰeṣta	
11	620	borrow	'žeṣan	
11	630	owe	sor 'ükʰen	Lit. 'to have debt'.
11	640	debt	sor	
11	650	pay (vb)	'pʰaka	
11	660	account, reckoning	'kʰũtü	
11	690	tax, tribute	'legar	
11	770	hire	a'loka	
11	780	wages	ṣol'data; žo'nale	From Span. 'soldada'.; From Span. 'soldada'.
11	790	earn	'irabas	
11	810	buy	e'roṣi	
11	820	sell	ṣal	
11	830	trade, barter	'trüka; 'troka; kʰã'bio	Latter from Span. 'cambiar'.; Latter from Span. 'cambiar'.; Latter from Span. 'cambiar'.
11	840	merchant	ṣal'c̷ale; trata'lãt	Latter means 'horse-dealer'.; Latter means 'horse-dealer'.
11	850	market (place)	mer'kʰatü	
11	860	store, shop	maga'ẓi; ṣal'tegi	
11	870	price	pre'sio	
11	880	dear (costly, expensive)	'kʰario	
11	890	cheap	'merke	From Latin 'merces'.
11	910	share (distribute)	'pʰarti; pʰar'teka	
11	920	weigh	'pʰesa	
12	10	after	'gero	
12	11	behind	'gibel	
12	20	beside	kʰã'tü-a-n; ũ'do-a-n	
12	30	down, below	'pe-a-n	
12	40	before	'lehen; aic̷i'ne-a-n	Respectively: 'before; in front of'.; Respectively: 'before; in front of'.
12	41	front	aic̷i'ne-a-n	
12	50	inside, in	'barne-n	
12	60	outside	kã'po-a-n	From Span. 'campo'.
12	70	under	'pe-a-n	
12	80	up, above	'gaɲ-en	
12	110	place	'lekʰü; 'güne	Borrowing, perhaps from Latin 'locus'.; Borrowing, perhaps from Latin 'locus'.
12	120	put	e'sari	
12	130	sit	žar; tʸotʸo	
12	140	lie down	'ec̷an	
12	150	stand	'čüti	
12	160	remain, stay	'egon	
12	170	remains, left overs	'ũdar; a'reṣta	
12	210	collect, gather	bil	
12	212	pick up	bil	
12	213	pile up	'atʰe	
12	220	join, unite	'žü̃ta; alga'reta	
12	230	separate	be'heš; 'ṣepa	
12	232	divide	'pʰarti; še'heka	Latter form is 'to divide into pieces'.; Latter form is 'to divide into pieces'.
12	240	open	'sabal	
12	250	shut, close	'sera	From Latin 'sera'.
12	260	cover	'tʰapa	From Span. 'tapa'.
12	270	hide, conceal	'gorde	
12	310	high	'gora	
12	320	low	'apʰal	
12	330	top	'gaɲe; 'tʰini; 'pʰü̃ta	Latter form is 'peak'.; Latter form is 'peak'.; Latter form is 'peak'.
12	340	bottom	'sola	
12	350	end	'bürü; 'pʰü̃ta	
12	352	pointed	'soroc̷	
12	353	edge	'baster	
12	360	side	'ṣahec̷̣; 'alde	
12	370	middle, center	'erdi	
12	410	right (side)	eṣ'küɲ	
12	420	left (side)	iš'ker	
12	430	near (adv)	'hülʸan	
12	440	far (adv)	'hürün	
12	450	east	'ekʰi 'žeiki'gia	Lit. 'sunrise's place'.
12	460	west	'ekʰi ṣar'gia	Lit. 'sunset's place'.
12	530	grow	'hãdi; 'pʰuṣa	
12	540	measure	me'ẓüra	
12	550	large, big	'lodi	
12	560	small, little	'tʸipi	
12	570	long	'lüse	
12	580	tall	'hãdi	
12	590	short	'lʸabür	
12	610	wide, broad	'sabal	
12	620	narrow	'herṣi	
12	630	thick (in dimension)	'lodi	
12	650	thin (in dimension)	'mẽhẽ	
12	670	deep	'barna	
12	680	shallow	amiɲi bat 'barna	Lit. 'a little bit deep'.
12	710	flat	'sabal; plaɲ	From Gascon (Béarn) 'plagne, plane, plano'.; From Gascon (Béarn) 'plagne, plane, plano'.
12	730	straight	'šüšen	
12	740	crooked	'kõkor; 'kʰüpüc̷̣	
12	750	hook	'kʰako	
12	760	corner	'ṣoko; 'kʰãtü	
12	770	cross	kʰü'rüče	From Latin 'crucem'.
12	780	square	ka'ratü	
12	810	round	bi'ribil; rũt	The loanword is not integrated into Basque phonology, since /r/ never occurs in initial position.; The loanword is not integrated into Basque phonology, since /r/ never occurs in initial position.
12	820	circle	kür'kü	From Latin 'circulum'.
12	830	sphere, ball	ba'lu	
12	840	line	he'roka	
12	850	hole	'silo	
12	920	like, similar	be'sala; 'bardin; ü'düri	
12	930	change	kʰã'bia	
13	0	zero, nothing	hüc̷̣; deüṣ	Respectively: 'zero; nothing'.; Respectively: 'zero; nothing'.
13	10	one	bat	
13	20	two	'biga	
13	30	three	'hiru	
13	40	four	lau	
13	50	five	boṣt	
13	60	six	ṣei	From Latin 'sex'.
13	70	seven	'saspi	
13	80	eight	'sorc̷i	
13	90	nine	bede'rac̷ü	
13	100	ten	'hamar	
13	101	eleven	'ha'meka	
13	102	twelve	hama'bi	
13	103	fifteen	hama'boṣt	
13	104	twenty	'hogei	
13	105	hundred	'ehün	
13	106	thousand	'mila	
13	107	count	'kʰũta	
13	140	every, all	'oro; den-a-k; 'güsi	Latter form is rare.; Latter form is rare.; Latter form is rare.
13	150	much, many	'hanič; 'frãko; pa'keta	
13	160	more	ha'boro	
13	170	little (quantity), few	'güti	
13	180	enough	'aṣki	
13	181	some	ami'ɲi bat; 'ĩkai bat	Latter form means 'a little bit'.; Latter form means 'a little bit'.
13	190	multitude, crowd	'ṣaldo; 'oste	
13	210	full	be'tʰe-rik	
13	220	empty	'hüc̷̣-ik	
13	230	part, piece	'pʰarte; 'pʰuṣka; 'buši	Latter form is from Gascon (Béarn) 'bouci'.; Latter form is from Gascon (Béarn) 'bouci'.; Latter form is from Gascon (Béarn) 'bouci'.
13	240	half	'erdi	
13	330	alone, only	'bera	
13	340	first	'lehen	
13	350	last	'asken	
13	360	second	bige'ren	
13	370	pair	'pare	
13	380	two times	be'ri-ta-n; bi 'aldi-s	Latter form means 'on two times'.; Latter form means 'on two times'.
13	420	third	hiruge'ren	
13	440	three times	hi'ru-ta-n; 'hiru 'aldi-s	Latter form means 'on three times'.; Latter form means 'on three times'.
14	110	time	dɛ̃'bora; 'ordü	Respectively: 'time; moment'.; Respectively: 'time; moment'.
14	120	age	'adin	
14	130	new	'beri	
14	140	young	'gaste	
14	150	old	'sahar	
14	160	early	'gois-ik	
14	170	late	be'rãt	
14	180	now	'orai	
14	190	immediately	a'rũt; 'orai 'be're-a-n	Latter form means 'just now'.; Latter form means 'just now'.
14	210	swift, fast, quick	'laṣter; 'salhe	
14	220	slow	'barač	
14	230	hasten, hurry	'salhe egin; 'salhe žun	Respectively: 'to do quickly; to go quickly'.; Respectively: 'to do quickly; to go quickly'.
14	240	retard, delay	be'rãt	
14	250	begin, beginning	'hac̷̣are	
14	252	last, endure	i'raüɲ	
14	260	end (temporal)	ür'hɛ̃c̷e	
14	270	finish	'ürhɛ̃t	
14	280	cease, stop	ü'kʰüra	
14	290	ready	preṣt	
14	310	always	'betʰi	
14	320	often	'üṣü	
14	330	sometimes	'sumait 'aldi-s	Means 'on some times'.
14	331	soon	'laṣter; bere'hala	
14	332	long-time (for a)	'lüsa-s	
14	340	never	ṣe'küla	
14	350	again	o'rano	
14	410	day	'egün	
14	420	night	gai	
14	430	dawn	ar'gic̷e	
14	440	morning	gois	
14	450	noon, midday	e'güerdi	
14	451	afternoon	a'riṣti; a'reṣti	
14	460	evening	a'rac̷̣; ül'hü̃c̷e	Latter form means 'twilight'.; Latter form means 'twilight'.
14	470	today	'egün	
14	480	tomorrow	'bihar	
14	481	day-after-tomorrow	'ec̷i	Also 'ec̷i 'damü 'the day after the day after tomorrow'.
14	490	yesterday	'ac̷o	
14	491	day-before-yesterday	here'negün	Also henegü'n-ago 'the day before the day before yesterday'.
14	510	hour	'oren; te'nore	
14	530	clock, timepiece	ar'loža; 'mũtra	Respectively: 'clock; timepiece'.; Respectively: 'clock; timepiece'.
14	610	week	'aṣte	
14	620	Sunday	'igãte	
14	630	Monday	aṣte'lehen	
14	640	Tuesday	aṣte'harte	
14	650	Wednesday	aṣ'tisken	
14	660	Thursday	oṣ'tegün	
14	670	Friday	oṣ'tirale	
14	680	Saturday	neṣke'negün	
14	710	month	hila'bete	
14	730	year	'urtʰe	
14	740	winter	'negü	
14	750	spring	be'dac̷̣	
14	760	summer	'üda	
14	770	autumn	la'rasken	
14	780	season	ṣa'ẓu	
15	210	smell (vb intrans)	ü'rinc̷a; 'ürin 'eman; 'ürin 'ükʰen	Second form means 'to give smell'; latter form means 'to have smell'.; Second form means 'to give smell'; latter form means 'to have smell'.; Second form means 'to give smell'; latter form means 'to have smell'.
15	212	sniff	'üṣna	
15	220	smell (vb trans)	'ṣɛ̃di	
15	250	fragrant, good smelling	'ürin hun	Means 'nice smell'.
15	260	stinking, bad smelling	ü'rinc̷ü	
15	310	taste	'čeṣte	
15	350	sweet	esti; ṣükra-'tü-rik	Latter form means 'with sugar inside'.; Latter form means 'with sugar inside'.
15	360	salty	'gasi	
15	370	bitter	'kʰac̷̣	
15	380	acid, sour	'mĩgar	
15	390	brackish	'gasi	
15	410	hear	'ɛ̃c̷ün	
15	420	listen	be'ha	
15	440	sound, noise	he'roc̷̣	
15	450	loud	he'roc̷̣ü; he'roṣdün	
15	460	quiet, silence	'ãple; išil'tarsün	
15	510	see	'ikʰuṣ	
15	520	look, look at	ṣo 'egin	Lit. 'to do a look'.
15	550	show	'irakuṣ	
15	560	shine	'argi	
15	570	bright	'argi	
15	610	color	ko'lore	
15	620	light (in color)	'argi	
15	630	dark (in color)	'ülhün	
15	640	white	'šuri	
15	650	black	belc̷	
15	660	red	'gori	
15	670	blue	blü	
15	680	green	'berde	From Span. 'verde'.
15	690	yellow	'holʸi	
15	710	touch	'hũki	
15	712	pinch	či'mika	
15	720	feel	'ṣɛ̃di; 'aẓma	
15	740	hard	'gogor	
15	750	soft	'mardʸo	
15	760	rough	lac̷	
15	770	smooth	leɲ	From Latin 'lenis'.
15	780	sharp	'soroc̷	
15	790	blunt, dull	'lãpʰüc̷	
15	810	heavy	'pʰesü	
15	820	light (in weight)	'ahin	
15	830	wet, damp	'ümi	
15	840	dry	'idor	
15	850	hot	'bero	
15	851	warm	'epʰel	
15	860	cold	'hoc̷	
15	870	clean	'šãhü	
15	880	dirty, soiled	'sikʰin; 'tʰeü; 'tʰeiü	
15	890	wrinkled	'c̷imal	
16	110	soul, spirit	a'rima	
16	150	surprised, astonished	eṣtona-'tü-rik; ac̷a'man-ik	Latter form means 'caught out'.; Latter form means 'caught out'.
16	180	good fortune, luck	'sortʰe 'hun; 'šãc̷a 'hun	
16	190	misfortune, bad luck	'sortʰe 'čar; ma'lür; deṣ'torde	Latter form from Gascon (Béarn) 'destorb'.; Latter form from Gascon (Béarn) 'destorb'.; Latter form from Gascon (Béarn) 'destorb'.
16	230	joyful, glad, happy	ala'gera; 'iruṣ; 'boc̷-ik	Second form perhaps from Gascon (Béarn) 'urous'.; Second form perhaps from Gascon (Béarn) 'urous'.; Second form perhaps from Gascon (Béarn) 'urous'.
16	250	laugh	'eri 'egin	Lit. 'to do laugh'.
16	251	smile	'eri 'tʸipi 'egin; eri'ɲi 'egin	Lit. 'to do a little laugh'.; Lit. 'to do a little laugh'.
16	260	play	čoṣ'taka; li'berti	
16	270	love	'maite	
16	290	kiss	pot 'eman	Lit. 'to give kiss'.
16	300	embrace	be'ṣarka	
16	310	pain	min; do'lore; mi'mi	Latter form when speaking to children.; Latter form when speaking to children.; Latter form when speaking to children.
16	320	grief, sorrow, sadness	'pʰena; ša'gri	
16	330	anxiety, worry	arɛ̃'küra	
16	340	regret, be sorry	'dolü	
16	350	pity	do'lümen	
16	370	cry, weep	'nigar 'egin	Means 'to do tears'.
16	380	tear (noun)	'nigar	
16	390	groan	murmu'sika	'To grunt' is ku'rĩka.
16	410	hate	'hera; male'sia	
16	420	anger	ko'lera; 'kʰešü	
16	440	envy, jealousy	bekʰaš'teria	
16	450	shame (noun)	ã'hãlke	
16	480	proud	fier; ür'gülʸü	Respectively: 'proud; overproud'.; Respectively: 'proud; overproud'.
16	510	dare	au'ẓart	
16	520	brave	kua'ẓuṣ	
16	530	fear, fright	'loc̷̣a; lar'delʸa; hari'düra	Respectively: 'fear; worry, apprehension; terror'.; Respectively: 'fear; worry, apprehension; terror'.; Respectively: 'fear; worry, apprehension; terror'.
16	540	danger	lã'dže	
16	620	desire, want	'nahi	
16	622	choose	'haita	
16	630	hope	eṣ'pãča	
16	650	faithful	le'ial; fi'del	
16	660	true	'egia	
16	670	lie, tell lies	'gesür 'eran	
16	680	deceit	deṣuneṣ ke'ria	Occurs rarely.
16	690	forgive	'pʰarka	From Latin 'parcere'.
16	710	good	hun	
16	720	bad	'gaišto	
16	730	right, correct	'šüšen; 'žüṣto	
16	740	wrong	'okʰer	
16	760	fault	'ogen; 'falta	
16	770	mistake, error	hüc̷̣; 'falta	
16	780	blame	meṣ'peču	
16	790	praise	lai'dorio	
16	810	beautiful	'eder; 'eižer	Respectively: 'beautiful; nice, pretty'.; Respectively: 'beautiful; nice, pretty'.
16	820	ugly	i'c̷̣uṣi	
16	830	greedy	gor'mãt; hun'koi	
16	840	clever	ĩteli'džɛ̃t; a'bil; bürü'hun	Latter form lit. 'head good' 04.200.; Latter form lit. 'head good' 04.200.; Latter form lit. 'head good' 04.200.
17	110	mind	pʰɛ̃ča'mɛtü; 'gogo	
17	130	think (= reflect)	'pʰɛ̃ča	
17	140	think (= be of the opinion)	'uṣte 'ükʰen	Lit. 'to have opinion'.
17	150	believe	'ṣinec̷̣	
17	160	understand	ɛ̃tʰe'lega; kũ'preni	First form from Vulgar Latin 'intellegatum'.; First form from Vulgar Latin 'intellegatum'.
17	170	know	'žakin	
17	171	guess	'aẓma; 'pʰɛ̃ča	
17	172	imitate	ĩhĩ'kišta	
17	180	seem	ü'düri	
17	190	idea, notion	i'dea; i'deia; 'gogo	
17	210	wise	ža'kinc̷ü	
17	220	foolish, stupid	'aṣto; deṣa'pɛ̃t; 'soso; pe'lʸot	Respectively: first form also means 'donkey'; nonstandard form; stupid, also means 'blackbird'; 'silly'.; Respectively: first form also means 'donkey'; nonstandard form; stupid, also means 'blackbird'; 'silly'.; Respectively: first form also means 'donkey'; nonstandard form; stupid, also means 'blackbird'; 'silly'.; Respectively: first form also means 'donkey'; nonstandard form; stupid, also means 'blackbird'; 'silly'.
17	230	insane, crazy	'erc̷o; me'nüṣ	Latter form means 'simple', from Latin 'minus'.; Latter form means 'simple', from Latin 'minus'.
17	240	learn	'ikʰaṣ	
17	242	study	'ikʰaṣ	
17	250	teach	i'rakʰaṣ; i'rakʰuṣ	Respectively: 'to make learn; to make see'.; Respectively: 'to make learn; to make see'.
17	260	pupil	i'kʰaṣle	
17	270	teacher	ira'kʰaṣle; profe'sür; ere'žɛ̃t	Borrowed forms: 'secondary school teacher; primary school teacher'.; Borrowed forms: 'secondary school teacher; primary school teacher'.; Borrowed forms: 'secondary school teacher; primary school teacher'.
17	280	school	eṣ'kola	
17	310	remember	'ohit; 'ohart	
17	320	forget	'ãhãc̷	
17	340	clear, plain	'argi; klar	
17	350	obscure	'ülhün	
17	360	secret	ṣe'gretü	
17	370	sure, certain	'ṣegür	
17	380	explain	eṣ'plika; ɛ̃tʰelega'rasi	Latter form means 'to make understand'.; Latter form means 'to make understand'.
17	410	intention, purpose	büt; 'šede	
17	420	cause	'kauẓa	
17	430	doubt	'düda	
17	440	suspect	'aṣma; že'loṣ	Latter form means 'not to trust'.; Latter form means 'not to trust'.
17	441	betray	'kʰodi; 'tradi	
17	450	need, necessity	beha'rüne	
17	460	easy	'aiẓa	
17	470	difficult	gaic̷	
17	480	try, attempt	eṣ'prabi; i'ṣea	
17	490	way, manner	ma'nera; 'mulde	
17	510	and	'eta	
17	520	because	sere'n-eta; beit-	
17	530	if	ba-; ba'lĩba-	
17	540	or	'edo; 'ala	
17	550	yes, affirmative	bai; ba'iec̷	Respectively: 'yes; yes, in a completive clause'.; Respectively: 'yes; yes, in a completive clause'.
17	560	no, negative	es; e'sec̷	Respectively: 'no; no, in a completive clause'.; Respectively: 'no; no, in a completive clause'.
17	610	how?	'nula	
17	620	how many?	su'mat	
17	630	how much?	su'mat	
17	640	what?	ser	
17	650	when?	nuis	
17	660	where?	nun	
17	670	which?	suɲ	
17	680	who?	nur	
17	690	why?	serɛ̃'tako; ser'tako	
18	110	voice	boc̷	From Span. 'voz'.
18	120	sing	'kʰãta	
18	130	shout, cry out	oi'hegin	Means 'to make shout'.
18	150	whisper	kü'šelü-s 'ari; ãhã'pe-ti 'mĩc̷o	Respectively: 'to be whispering; to speak in a low voice'.; Respectively: 'to be whispering; to speak in a low voice'.
18	160	mumble	murmu'sika	
18	170	whistle	hüš'tüla	
18	180	shriek, screech	'o'rua-s 'ari; a'rãba-s 'ari	
18	210	speak, talk	'mĩc̷o; el'heṣta	Respectively: 'speak; talk'.; Respectively: 'speak; talk'.
18	211	stutter, stammer	ü'kʰo ba't-eki 'mĩc̷o; 'motʰel	Respectively: 'to speak with a stammer; to mispronounce'.; Respectively: 'to speak with a stammer; to mispronounce'.
18	220	say	'eran	
18	221	tell story	'kʰũta	
18	222	speech (make a)	mĩ'c̷aldi; mĩ'c̷aldi bat 'egin	Latter form means 'to make a speech'.; Latter form means 'to make a speech'.
18	230	silent (be)	'išil	
18	240	language	mĩ'c̷aže; lɛ̃'guaže	
18	260	word	hic̷; el'he	Respectively; 'word; speech'.; Respectively; 'word; speech'.
18	280	name	'isen	
18	310	ask (question, inquire)	'galtʰa	
18	320	answer	ĩ'hardec̷̣; arapoṣ'tü-a-n 'eman	Latter form means 'to give the answer'.; Latter form means 'to give the answer'.
18	330	admit, confess	'hunhar; 'aitʰor	Respectively: 'admit; confess'.; Respectively: 'admit; confess'.
18	340	deny	'ükʰa	
18	350	ask, request	'galtʰa	
18	360	promise	hi'c̷aman; hi'c̷eman	Lit. 'to give word'.; Lit. 'to give word'.
18	370	refuse	ere'füẓa; es 'hunhar	Latter form means 'to not admit'.; Latter form means 'to not admit'.
18	380	forbid	de'fɛ̃da	From French 'défendre'.
18	390	rebuke, scold	gais'ki-a-k 'eran; 'kʰeṣa	Respectively: lit. 'to tell evils'; 'to scold'.; Respectively: lit. 'to tell evils'; 'to scold'.
18	410	call (=summon)	deitʰ	
18	420	call (=name)	deitʰ	
18	430	announce	a'nũc̷a; žakin-a'rasi	Latter form means 'to let know'.; Latter form means 'to let know'.
18	440	threaten	mẽ'hãṣta	
18	450	boast	eṣ'pãtü-s 'ari	From Gascon (Béarn) 'espantou'.
18	510	write	iski'riba	
18	520	read	'rakur	
18	560	paper	pa'pe	
18	570	pen	'lüma	From Latin 'luma'.
18	610	book	'librü	
18	670	poet	kobla'kari	
18	710	flute	čü'lüla	
18	720	drum	ta'bal	From Gascon (Béarn) 'tabal'.
18	730	horn, trumpet	'adar; trũ'peta; tüt	
18	740	rattle	ka'lʸaka	
19	110	country	'heri	
19	120	one's native country	ṣor'tʰeri	
19	150	city, town	'hiri	
19	160	village	'heri	
19	170	boundary	'müga	From Span. 'muga'.
19	210	people (populace)	'žɛ̃te; po'pülü	
19	230	tribe, clan	'eia	
19	240	chief, chieftain	bürü'sagi; 'nauṣi	
19	250	staff, walking stick	ma'kʰila; 'kʰana	
19	310	rule, govern	go'berna	
19	320	king, ruler	e'rege	
19	330	queen	ere'giɲa	
19	360	noble, nobleman	'nuble; ai'tuen'ṣeme	Lit. 'father's son'.; Lit. 'father's son'.
19	370	citizen, subject	hiri'tar; eṣkü-'pe-ko	Respectively: 'town dweller', occurs rarely; lit., 'under one's hand', occurs rarely.; Respectively: 'town dweller', occurs rarely; lit., 'under one's hand', occurs rarely.
19	410	master	'nauṣi	
19	420	slave	eṣ'klabo	
19	430	servant	'mitʰil; miš'kãdi; neṣ'kato	Second form occurs rarely; latter is 'maidservant'.; Second form occurs rarely; latter is 'maidservant'.; Second form occurs rarely; latter is 'maidservant'.
19	440	freeman	'gison	
19	450	command, order	'manha	From Gascon (Béarn) 'manar'.
19	460	obey	o'bedi; 'ṣinhec̷̣	From Latin 'oboedire'.; From Latin 'oboedire'.
19	470	let, permit	per'meti; 'üc̷i	
19	510	friend, companion	adiṣ'kide; 'lagün	
19	520	enemy	e'c̷̣ai	
19	540	neighbor	'aiso	
19	550	stranger	'aroc̷	
19	560	guest	kʰümi'ta-tü	From Span. 'convidar'.
19	570	host	eresebi'sale	Lit. 'the one who receives'.
19	580	help, aid	'lagü̃t	
19	590	hinder, prevent	e'pʰãča	
19	610	custom	koṣ'tüma; ü'ẓãča	
19	620	strife, quarrel	bo'roka; gü'düka; bil'haška; ã'hãra	Third form is 'strife, struggle' latter form is 'quarrel'.; Third form is 'strife, struggle' latter form is 'quarrel'.; Third form is 'strife, struggle' latter form is 'quarrel'.; Third form is 'strife, struggle' latter form is 'quarrel'.
19	630	conspiracy, plot	kõ'plot	
19	650	meet	ere'kũtra	
19	720	prostitute	'püta; ur'daɲa	
20	110	fight (vb)	bo'roka; bil'haṣka	
20	130	war, battle	'gerla; ba'talʸa	
20	140	peace	'bake	From Latin ablative 'pace'.
20	150	army	ar'mada	
20	170	soldier	ṣol'dado	From Span. 'soldado'.
20	210	weapons, arms	'arma	
20	230	sling	'frũda	
20	240	bow	'arkü	
20	250	arrow	'fleša	
20	270	sword	es'pata	From Span. 'espada' or Gascon (Béarn) 'ezpade'.
20	280	gun, cannon	fü'ẓülʸ; ka'nu	
20	310	armor (defensive)	arma'düra	
20	330	helmet	'kaṣka	
20	350	fortress	gas'telü	From Latin 'castellum'.
20	360	tower	'tʰore	
20	410	victory	ira'baste; bi'toria	
20	420	defeat	'galc̷e	
20	430	attack	a'taki	
20	440	defend	de'fɛ̃da	
20	450	retreat	es'kapa; ĩ'heṣ žun	Latter form is rare.; Latter form is rare.
20	460	surrender	'sedi	
20	470	captive, prisoner	preẓu'ne	
20	471	guard, sentinel	begi'ari	
20	510	fisherman	arã'c̷ale	
20	520	fishhook	ame'su	
20	530	fishing line	'amü	Probably from Latin 'hamus' (hook).
20	540	fishnet	arama'hãka	
20	550	fish trap	ber'tol	From old Gascon (Béarn) 'bertol'.
20	610	hunt	ĩhis'teka	
20	620	shoot	'tʰira; fü'ẓilʸa; ti'roka	Latter form is 'to shoot (to execute)'. 'To aim'is ['mia].; Latter form is 'to shoot (to execute)'. 'To aim'is ['mia].; Latter form is 'to shoot (to execute)'. 'To aim'is ['mia].
20	630	miss (target)	'mãka	
20	640	trap (noun)	'sepʰo; še'dera	Respectively: 'iron trap, to catch wolves', perhaps from Span. 'cepo'; 'trap to catch birds, snare'.; Respectively: 'iron trap, to catch wolves', perhaps from Span. 'cepo'; 'trap to catch birds, snare'.
20	650	trap (vb)	se'pʰo-a-n a'c̷aman	
21	110	law	'lege	From Latin 'lex', ablative 'lege'.
21	160	judge (vb)	'žüža	
21	170	judgment	žüža'mɛ̃-tü	
21	180	judge (noun)	'žüže	
21	210	plaintiff	plaɲü'sale	
21	220	defendant	akü'ẓatü	
21	230	witness	ža'kile	
21	240	swear	'žüra; sin 'egin	Latter form means 'to make oath'.; Latter form means 'to make oath'.
21	250	oath	sin	
21	310	accuse	a'küẓa; 'ṣalha	Latter form means 'to denounce'.; Latter form means 'to denounce'.
21	320	condemn	kũ'dena	
21	340	acquit	'šuri; 'libra	Respectively: 'to clear', lit. 'to whiten'; 'to release (prison)'.; Respectively: 'to clear', lit. 'to whiten'; 'to release (prison)'.
21	350	guilty	ogɛ̃'dãt	
21	360	innocent	ino'sɛ̃t; 'ogen 'gabe	Latter form means 'without fault'.; Latter form means 'without fault'.
21	370	penalty, punishment	püni'sione	
21	380	fine	a'mãda; ber'bal	Latter form is 'fine (traffic offence), from French 'procès-verbal'.; Latter form is 'fine (traffic offence), from French 'procès-verbal'.
21	390	prison, jail	preẓõ'tegi	
21	420	murder	e'haite	
21	440	rape	bor'čac̷e	
21	460	arson	ṣü'haka	
21	470	perjury	sin 'falčü	Lit. 'false evidence'.
21	510	steal	'ebac̷̣	
21	520	thief	e'baṣle; u'huɲ	
22	110	religion	ereli'žione	
22	120	God	'žĩko	
22	130	temple, church	e'lisa	
22	140	altar	al'tʰare	From Span. 'altar'.
22	150	sacrifice, offering	sakri'fisio; eṣ'kɛ̃c̷e	
22	160	worship	a'dora	
22	170	pray	o'tʰois; o'sione 'eran	Latter form, 'to say prayer'.; Latter form, 'to say prayer'.
22	180	priest	a'pʰes; ere'to	From Latin 'abbas'; from Latin 'rector'.; From Latin 'abbas'; from Latin 'rector'.
22	190	holy, sacred	ṣa'kra-tü; 'ṣaɲ-tü	Respectively: 'sacred; holy'.; Respectively: 'sacred; holy'.
22	220	preach	pʰere'dika	
22	230	bless	bene'dika	
22	240	curse	ma'dika	
22	260	fast (vb)	'baru 'egin	Lit. 'to do fasting'.
22	310	heaven	'selü	
22	320	hell	ĩ'fernü	
22	350	demon (evil spirit)	'debrü; mũ'tʸot	Respectively: 'devil; evil spirit'.; Respectively: 'devil; evil spirit'.
22	420	magic, witchcraft, sorcery	belhagile'keria; belhagile'goa	
22	430	sorcerer, witch	belha'gile	
22	440	fairy, elf	la'miɲa	
22	450	ghost, phantom	'kʰürṣo; bar'bau	Respectively: from Gascon (Béarn) 'gusot'; 'animal ghost'.; Respectively: from Gascon (Béarn) 'gusot'; 'animal ghost'.
